Cluster ID,Keyword,Тип,Wordstat (широкое),"Wordstat (""фразовое"")","Wordstat (""!точное"")",Дата и регион данных,Geo,Search intent,Brand,Vehicle model,Vehicle generation/body,Part/category,Commercial intent,Suggested landing page,Existing page,New page required?,Priority,Notes
NAV-BRAND,мб кузбасс,маркер,DATA NOT VERIFIED,DATA NOT VERIFIED,DATA NOT VERIFIED,не собрано,Россия,NAVIGATIONAL,"Mercedes-Benz, BMW",,,Бренд,Высокий,/,/ (главная),Нет,P1 (гипотеза),Брендовый спрос; сверить с запросами в Вебмастере
NAV-BRAND,mb kuzbass,расширение,DATA NOT VERIFIED,DATA NOT VERIFIED,DATA NOT VERIFIED,не собрано,Россия,NAVIGATIONAL,"Mercedes-Benz, BMW",,,Бренд,Высокий,/,/ (главная),Нет,P1 (гипотеза),Брендовый спрос; сверить с запросами в Вебмастере
NAV-BRAND,мб кузбасс барнаул,расширение,DATA NOT VERIFIED,DATA NOT VERIFIED,DATA NOT VERIFIED,не собрано,Барнаул,NAVIGATIONAL,"Mercedes-Benz, BMW",,,Бренд,Высокий,/,/ (главная),Нет,P1 (гипотеза),Брендовый спрос; сверить с запросами в Вебмастере
NAV-BRAND,мб кузбасс запчасти,расширение,DATA NOT VERIFIED,DATA NOT VERIFIED,DATA NOT VERIFIED,не собрано,Россия,NAVIGATIONAL,"Mercedes-Benz, BMW",,,Бренд,Высокий,/,/ (главная),Нет,P1 (гипотеза),Брендовый спрос; сверить с запросами в Вебмастере
NAV-BRAND,mb kuzbass авторазбор,расширение,DATA NOT VERIFIED,DATA NOT VERIFIED,DATA NOT VERIFIED,не собрано,Россия,NAVIGATIONAL,"Mercedes-Benz, BMW",,,Бренд,Высокий,/,/ (главная),Нет,P1 (гипотеза),Брендовый спрос; сверить с запросами в Вебмастере
NAV-BRAND,mbc kuzbass,расширение,DATA NOT VERIFIED,DATA NOT VERIFIED,DATA NOT VERIFIED,не собрано,Россия,NAVIGATIONAL,"Mercedes-Benz, BMW",,,Бренд,Высокий,/,/ (главная),Нет,P1 (гипотеза),Брендовый спрос; сверить с запросами в Вебмастере
BR-MB-LOCAL,разборка мерседес барнаул,расширение,DATA NOT VERIFIED,DATA NOT VERIFIED,DATA NOT VERIFIED,не собрано,Барнаул,COMMERCIAL; GEO,Mercedes-Benz,,,Все категории,Высокий,/zapchasti-mercedes-barnaul/,/zapchasti-mercedes-barnaul/ (есть на production),Нет (есть на production; улучшить),P1 (гипотеза),
BR-MB-LOCAL,авторазбор мерседес барнаул,расширение,DATA NOT VERIFIED,DATA NOT VERIFIED,DATA NOT VERIFIED,не собрано,Барнаул,COMMERCIAL; GEO,Mercedes-Benz,,,Все категории,Высокий,/zapchasti-mercedes-barnaul/,/zapchasti-mercedes-barnaul/ (есть на production),Нет (есть на production; улучшить),P1 (гипотеза),
BR-MB-LOCAL,разбор мерседес барнаул,расширение,DATA NOT VERIFIED,DATA NOT VERIFIED,DATA NOT VERIFIED,не собрано,Барнаул,COMMERCIAL; GEO,Mercedes-Benz,,,Все категории,Высокий,/zapchasti-mercedes-barnaul/,/zapchasti-mercedes-barnaul/ (есть на production),Нет (есть на production; улучшить),P1 (гипотеза),
BR-MB-LOCAL,запчасти мерседес барнаул,расширение,DATA NOT VERIFIED,DATA NOT VERIFIED,DATA NOT VERIFIED,не собрано,Барнаул,COMMERCIAL; GEO,Mercedes-Benz,,,Все категории,Высокий,/zapchasti-mercedes-barnaul/,/zapchasti-mercedes-barnaul/ (есть на production),Нет (есть на production; улучшить),P1 (гипотеза),
BR-MB-LOCAL,б у запчасти мерседес барнаул,расширение,DATA NOT VERIFIED,DATA NOT VERIFIED,DATA NOT VERIFIED,не собрано,Барнаул,COMMERCIAL; GEO,Mercedes-Benz,,,Все категории,Высокий,/zapchasti-mercedes-barnaul/,/zapchasti-mercedes-barnaul/ (есть на production),Нет (есть на production; улучшить),P1 (гипотеза),
BR-MB-LOCAL,контрактные запчасти мерседес барнаул,расширение,DATA NOT VERIFIED,DATA NOT VERIFIED,DATA NOT VERIFIED,не собрано,Барнаул,COMMERCIAL; GEO,Mercedes-Benz,,,Все категории,Высокий,/zapchasti-mercedes-barnaul/,/zapchasti-mercedes-barnaul/ (есть на production),Нет (есть на production; улучшить),P1 (гипотеза),
BR-MB-LOCAL,запчасти mercedes benz барнаул,расширение,DATA NOT VERIFIED,DATA NOT VERIFIED,DATA NOT VERIFIED,не собрано,Барнаул,COMMERCIAL; GEO,Mercedes-Benz,,,Все категории,Высокий,/zapchasti-mercedes-barnaul/,/zapchasti-mercedes-barnaul/ (есть на production),Нет (есть на production; улучшить),P1 (гипотеза),
BR-MB-LOCAL,оригинальные запчасти мерседес барнаул,расширение,DATA NOT VERIFIED,DATA NOT VERIFIED,DATA NOT VERIFIED,не собрано,Барнаул,COMMERCIAL; GEO,Mercedes-Benz,,,Все категории,Высокий,/zapchasti-mercedes-barnaul/,/zapchasti-mercedes-barnaul/ (есть на production),Нет (есть на production; улучшить),P1 (гипотеза),Может означать новые оригинальные детали — проверить выдачу
BR-BMW-LOCAL,разборка бмв барнаул,расширение,DATA NOT VERIFIED,DATA NOT VERIFIED,DATA NOT VERIFIED,не собрано,Барнаул,COMMERCIAL; GEO,BMW,,,Все категории,Высокий,/zapchasti-bmw-barnaul/,/zapchasti-bmw-barnaul/ (есть на production),Нет (есть на production; улучшить),P1 (гипотеза),
BR-BMW-LOCAL,авторазбор бмв барнаул,расширение,DATA NOT VERIFIED,DATA NOT VERIFIED,DATA NOT VERIFIED,не собрано,Барнаул,COMMERCIAL; GEO,BMW,,,Все категории,Высокий,/zapchasti-bmw-barnaul/,/zapchasti-bmw-barnaul/ (есть на production),Нет (есть на production; улучшить),P1 (гипотеза),
BR-BMW-LOCAL,разбор бмв барнаул,расширение,DATA NOT VERIFIED,DATA NOT VERIFIED,DATA NOT VERIFIED,не собрано,Барнаул,COMMERCIAL; GEO,BMW,,,Все категории,Высокий,/zapchasti-bmw-barnaul/,/zapchasti-bmw-barnaul/ (есть на production),Нет (есть на production; улучшить),P1 (гипотеза),
BR-BMW-LOCAL,запчасти бмв барнаул,расширение,DATA NOT VERIFIED,DATA NOT VERIFIED,DATA NOT VERIFIED,не собрано,Барнаул,COMMERCIAL; GEO,BMW,,,Все категории,Высокий,/zapchasti-bmw-barnaul/,/zapchasti-bmw-barnaul/ (есть на production),Нет (есть на production; улучшить),P1 (гипотеза),
BR-BMW-LOCAL,б у запчасти бмв барнаул,расширение,DATA NOT VERIFIED,DATA NOT VERIFIED,DATA NOT VERIFIED,не собрано,Барнаул,COMMERCIAL; GEO,BMW,,,Все категории,Высокий,/zapchasti-bmw-barnaul/,/zapchasti-bmw-barnaul/ (есть на production),Нет (есть на production; улучшить),P1 (гипотеза),
BR-BMW-LOCAL,контрактные запчасти бмв барнаул,расширение,DATA NOT VERIFIED,DATA NOT VERIFIED,DATA NOT VERIFIED,не собрано,Барнаул,COMMERCIAL; GEO,BMW,,,Все категории,Высокий,/zapchasti-bmw-barnaul/,/zapchasti-bmw-barnaul/ (есть на production),Нет (есть на production; улучшить),P1 (гипотеза),
BR-BMW-LOCAL,запчасти bmw барнаул,расширение,DATA NOT VERIFIED,DATA NOT VERIFIED,DATA NOT VERIFIED,не собрано,Барнаул,COMMERCIAL; GEO,BMW,,,Все категории,Высокий,/zapchasti-bmw-barnaul/,/zapchasti-bmw-barnaul/ (есть на production),Нет (есть на production; улучшить),P1 (гипотеза),
BR-BMW-LOCAL,оригинальные запчасти бмв барнаул,расширение,DATA NOT VERIFIED,DATA NOT VERIFIED,DATA NOT VERIFIED,не собрано,Барнаул,COMMERCIAL; GEO,BMW,,,Все категории,Высокий,/zapchasti-bmw-barnaul/,/zapchasti-bmw-barnaul/ (есть на production),Нет (есть на production; улучшить),P1 (гипотеза),Может означать новые оригинальные детали — проверить выдачу
BR-BOTH-LOCAL,разборка мерседес бмв барнаул,расширение,DATA NOT VERIFIED,DATA NOT VERIFIED,DATA NOT VERIFIED,не собрано,Барнаул,COMMERCIAL; GEO,"Mercedes-Benz, BMW",,,Все категории,Высокий,/,/ (главная),Нет (улучшить главную),P1 (гипотеза),Главная — общий кластер двух брендов
BR-BOTH-LOCAL,контрактные запчасти барнаул,расширение,DATA NOT VERIFIED,DATA NOT VERIFIED,DATA NOT VERIFIED,не собрано,Барнаул,COMMERCIAL; GEO,"Mercedes-Benz, BMW",,,Все категории,Средний,/kontraktnye-zapchasti-barnaul/,/kontraktnye-zapchasti-barnaul/ (есть на production),Нет (есть на production; улучшить),P2 (гипотеза),Широкий: включает другие марки — релевантность средняя
BR-BOTH-LOCAL,авторазбор барнаул,расширение,DATA NOT VERIFIED,DATA NOT VERIFIED,DATA NOT VERIFIED,не собрано,Барнаул,COMMERCIAL; GEO,"Mercedes-Benz, BMW",,,Все категории,Низкий,/,/ (главная),Нет (улучшить главную),P3 (гипотеза),Широкий: только 2 марки из многих — низкая релевантность
BR-BOTH-LOCAL,запчасти из японии барнаул,расширение,DATA NOT VERIFIED,DATA NOT VERIFIED,DATA NOT VERIFIED,не собрано,Барнаул,COMMERCIAL; GEO,"Mercedes-Benz, BMW",,,Все категории,Низкий,/,/ (главная),Нет (улучшить главную),P3 (гипотеза),Широкий: в основном японские марки — проверить выдачу
BR-BOTH-LOCAL,контрактные запчасти из японии барнаул,расширение,DATA NOT VERIFIED,DATA NOT VERIFIED,DATA NOT VERIFIED,не собрано,Барнаул,COMMERCIAL; GEO,"Mercedes-Benz, BMW",,,Все категории,Средний,/kontraktnye-zapchasti-barnaul/,/kontraktnye-zapchasti-barnaul/ (есть на production),Нет (есть на production; улучшить),P2 (гипотеза),Совпадает с УТП «японские доноры»
BR-BOTH-LOCAL,б у запчасти для иномарок барнаул,расширение,DATA NOT VERIFIED,DATA NOT VERIFIED,DATA NOT VERIFIED,не собрано,Барнаул,COMMERCIAL; GEO,"Mercedes-Benz, BMW",,,Все категории,Низкий,/,/ (главная),Нет (улучшить главную),P3 (гипотеза),"Широкий, низкая релевантность"
BR-MB,разборка мерседес,маркер,DATA NOT VERIFIED,DATA NOT VERIFIED,DATA NOT VERIFIED,не собрано,Россия,COMMERCIAL,Mercedes-Benz,,,Все категории,Высокий,/zapchasti-mercedes-barnaul/,/zapchasti-mercedes-barnaul/ (есть на production),Нет (есть на production; улучшить),P1 (гипотеза),Проверить геозависимость: сравнить выдачу Барнаул / Москва
BR-MB,б у запчасти мерседес,маркер,DATA NOT VERIFIED,DATA NOT VERIFIED,DATA NOT VERIFIED,не собрано,Россия,COMMERCIAL,Mercedes-Benz,,,Все категории,Высокий,/zapchasti-mercedes-barnaul/,/zapchasti-mercedes-barnaul/ (есть на production),Нет (есть на production; улучшить),P1 (гипотеза),Проверить геозависимость: сравнить выдачу Барнаул / Москва
BR-MB,контрактные запчасти мерседес,маркер,DATA NOT VERIFIED,DATA NOT VERIFIED,DATA NOT VERIFIED,не собрано,Россия,COMMERCIAL,Mercedes-Benz,,,Все категории,Высокий,/zapchasti-mercedes-barnaul/,/zapchasti-mercedes-barnaul/ (есть на production),Нет (есть на production; улучшить),P1 (гипотеза),Проверить геозависимость: сравнить выдачу Барнаул / Москва
BR-MB,запчасти мерседес из японии,расширение,DATA NOT VERIFIED,DATA NOT VERIFIED,DATA NOT VERIFIED,не собрано,Россия,COMMERCIAL,Mercedes-Benz,,,Все категории,Высокий,/zapchasti-mercedes-barnaul/,/zapchasti-mercedes-barnaul/ (есть на production),Нет (есть на production; улучшить),P1 (гипотеза),Проверить геозависимость: сравнить выдачу Барнаул / Москва
BR-MB,разборка мерседес из японии,расширение,DATA NOT VERIFIED,DATA NOT VERIFIED,DATA NOT VERIFIED,не собрано,Россия,COMMERCIAL,Mercedes-Benz,,,Все категории,Высокий,/zapchasti-mercedes-barnaul/,/zapchasti-mercedes-barnaul/ (есть на production),Нет (есть на production; улучшить),P1 (гипотеза),Проверить геозависимость: сравнить выдачу Барнаул / Москва
BR-MB,запчасти мерседес б у с доставкой,расширение,DATA NOT VERIFIED,DATA NOT VERIFIED,DATA NOT VERIFIED,не собрано,Россия,COMMERCIAL,Mercedes-Benz,,,Все категории,Высокий,/zapchasti-mercedes-barnaul/,/zapchasti-mercedes-barnaul/ (есть на production),Нет (есть на production; улучшить),P1 (гипотеза),Проверить геозависимость: сравнить выдачу Барнаул / Москва
BR-BMW,разборка бмв,маркер,DATA NOT VERIFIED,DATA NOT VERIFIED,DATA NOT VERIFIED,не собрано,Россия,COMMERCIAL,BMW,,,Все категории,Высокий,/zapchasti-bmw-barnaul/,/zapchasti-bmw-barnaul/ (есть на production),Нет (есть на production; улучшить),P1 (гипотеза),Проверить геозависимость: сравнить выдачу Барнаул / Москва
BR-BMW,б у запчасти бмв,маркер,DATA NOT VERIFIED,DATA NOT VERIFIED,DATA NOT VERIFIED,не собрано,Россия,COMMERCIAL,BMW,,,Все категории,Высокий,/zapchasti-bmw-barnaul/,/zapchasti-bmw-barnaul/ (есть на production),Нет (есть на production; улучшить),P1 (гипотеза),Проверить геозависимость: сравнить выдачу Барнаул / Москва
BR-BMW,контрактные запчасти бмв,маркер,DATA NOT VERIFIED,DATA NOT VERIFIED,DATA NOT VERIFIED,не собрано,Россия,COMMERCIAL,BMW,,,Все категории,Высокий,/zapchasti-bmw-barnaul/,/zapchasti-bmw-barnaul/ (есть на production),Нет (есть на production; улучшить),P1 (гипотеза),Проверить геозависимость: сравнить выдачу Барнаул / Москва
BR-BMW,запчасти бмв из японии,расширение,DATA NOT VERIFIED,DATA NOT VERIFIED,DATA NOT VERIFIED,не собрано,Россия,COMMERCIAL,BMW,,,Все категории,Высокий,/zapchasti-bmw-barnaul/,/zapchasti-bmw-barnaul/ (есть на production),Нет (есть на production; улучшить),P1 (гипотеза),Проверить геозависимость: сравнить выдачу Барнаул / Москва
BR-BMW,разборка бмв из японии,расширение,DATA NOT VERIFIED,DATA NOT VERIFIED,DATA NOT VERIFIED,не собрано,Россия,COMMERCIAL,BMW,,,Все категории,Высокий,/zapchasti-bmw-barnaul/,/zapchasti-bmw-barnaul/ (есть на production),Нет (есть на production; улучшить),P1 (гипотеза),Проверить геозависимость: сравнить выдачу Барнаул / Москва
BR-BMW,запчасти бмв б у с доставкой,расширение,DATA NOT VERIFIED,DATA NOT VERIFIED,DATA NOT VERIFIED,не собрано,Россия,COMMERCIAL,BMW,,,Все категории,Высокий,/zapchasti-bmw-barnaul/,/zapchasti-bmw-barnaul/ (есть на production),Нет (есть на production; улучшить),P1 (гипотеза),Проверить геозависимость: сравнить выдачу Барнаул / Москва
USP,запчасти с японских доноров,маркер,DATA NOT VERIFIED,DATA NOT VERIFIED,DATA NOT VERIFIED,не собрано,Россия,COMMERCIAL,"Mercedes-Benz, BMW",,,Все категории,Средний,/,/ (главная),Нет,P2 (гипотеза),УТП сайта; спрос может быть малым
USP,оригинальные б у запчасти мерседес бмв,расширение,DATA NOT VERIFIED,DATA NOT VERIFIED,DATA NOT VERIFIED,не собрано,Россия,COMMERCIAL,"Mercedes-Benz, BMW",,,Все категории,Высокий,/,/ (главная),Нет,P2 (гипотеза),
CAT-ENG,контрактный двигатель,маркер,DATA NOT VERIFIED,DATA NOT VERIFIED,DATA NOT VERIFIED,не собрано,Россия,COMMERCIAL,"Mercedes-Benz, BMW",,,Двигатель,Высокий,/dvigateli-akpp-mercedes-bmw-barnaul/,/dvigateli-akpp-mercedes-bmw-barnaul/ (есть на production),Нет (есть на production; улучшить),P2 (гипотеза),Широкий: все марки; нужен как зонтик для сбора хвостов
CAT-ENG,контрактный двигатель мерседес,маркер,DATA NOT VERIFIED,DATA NOT VERIFIED,DATA NOT VERIFIED,не собрано,Россия,COMMERCIAL,Mercedes-Benz,,,Двигатель,Высокий,/dvigateli-akpp-mercedes-bmw-barnaul/,/dvigateli-akpp-mercedes-bmw-barnaul/ (есть на production),Нет (есть на production; улучшить),P1 (гипотеза),
CAT-ENG,двигатель мерседес б у купить,расширение,DATA NOT VERIFIED,DATA NOT VERIFIED,DATA NOT VERIFIED,не собрано,Россия,TRANSACTIONAL,Mercedes-Benz,,,Двигатель,Высокий,/dvigateli-akpp-mercedes-bmw-barnaul/,/dvigateli-akpp-mercedes-bmw-barnaul/ (есть на production),Нет (есть на production; улучшить),P1 (гипотеза),
CAT-ENG,контрактный двигатель бмв,маркер,DATA NOT VERIFIED,DATA NOT VERIFIED,DATA NOT VERIFIED,не собрано,Россия,COMMERCIAL,BMW,,,Двигатель,Высокий,/dvigateli-akpp-mercedes-bmw-barnaul/,/dvigateli-akpp-mercedes-bmw-barnaul/ (есть на production),Нет (есть на production; улучшить),P1 (гипотеза),
CAT-ENG,двигатель бмв б у купить,расширение,DATA NOT VERIFIED,DATA NOT VERIFIED,DATA NOT VERIFIED,не собрано,Россия,TRANSACTIONAL,BMW,,,Двигатель,Высокий,/dvigateli-akpp-mercedes-bmw-barnaul/,/dvigateli-akpp-mercedes-bmw-barnaul/ (есть на production),Нет (есть на production; улучшить),P1 (гипотеза),
CAT-ENG,контрактный двигатель мерседес барнаул,расширение,DATA NOT VERIFIED,DATA NOT VERIFIED,DATA NOT VERIFIED,не собрано,Барнаул,COMMERCIAL; GEO,Mercedes-Benz,,,Двигатель,Высокий,/dvigateli-akpp-mercedes-bmw-barnaul/,/dvigateli-akpp-mercedes-bmw-barnaul/ (есть на production),Нет (есть на production; улучшить),P1 (гипотеза),
CAT-ENG,контрактный двигатель бмв барнаул,расширение,DATA NOT VERIFIED,DATA NOT VERIFIED,DATA NOT VERIFIED,не собрано,Барнаул,COMMERCIAL; GEO,BMW,,,Двигатель,Высокий,/dvigateli-akpp-mercedes-bmw-barnaul/,/dvigateli-akpp-mercedes-bmw-barnaul/ (есть на production),Нет (есть на production; улучшить),P1 (гипотеза),
CAT-ENG,двигатель мерседес из японии,расширение,DATA NOT VERIFIED,DATA NOT VERIFIED,DATA NOT VERIFIED,не собрано,Россия,COMMERCIAL,Mercedes-Benz,,,Двигатель,Высокий,/dvigateli-akpp-mercedes-bmw-barnaul/,/dvigateli-akpp-mercedes-bmw-barnaul/ (есть на production),Нет (есть на production; улучшить),P2 (гипотеза),Совпадает с УТП
CAT-ENG,контрактный двигатель барнаул,расширение,DATA NOT VERIFIED,DATA NOT VERIFIED,DATA NOT VERIFIED,не собрано,Барнаул,COMMERCIAL; GEO,"Mercedes-Benz, BMW",,,Двигатель,Высокий,/dvigateli-akpp-mercedes-bmw-barnaul/,/dvigateli-akpp-mercedes-bmw-barnaul/ (есть на production),Нет (есть на production; улучшить),P2 (гипотеза),Широкий: все марки
ENG-M111,двигатель m111 купить,маркер,DATA NOT VERIFIED,DATA NOT VERIFIED,DATA NOT VERIFIED,не собрано,Россия,TRANSACTIONAL; PART NUMBER,Mercedes-Benz,C-Class,C203,Двигатель M111,Высокий,/zapchasti/<товар M111>/,карточка без URL в #catalog/engines,Да (страница товара); страница кода — условно,P1 (гипотеза),Позиция есть в каталоге (1 шт.). Отдельная страница кода — только при регулярном наличии и спросе
ENG-M111,контрактный двигатель m111,расширение,DATA NOT VERIFIED,DATA NOT VERIFIED,DATA NOT VERIFIED,не собрано,Россия,TRANSACTIONAL; PART NUMBER,Mercedes-Benz,C-Class,C203,Двигатель M111,Высокий,/zapchasti/<товар M111>/,карточка без URL в #catalog/engines,Да (страница товара); страница кода — условно,P1 (гипотеза),Позиция есть в каталоге (1 шт.). Отдельная страница кода — только при регулярном наличии и спросе
ENG-M111,двигатель m111 б у,расширение,DATA NOT VERIFIED,DATA NOT VERIFIED,DATA NOT VERIFIED,не собрано,Россия,COMMERCIAL; PART NUMBER,Mercedes-Benz,C-Class,C203,Двигатель M111,Высокий,/zapchasti/<товар M111>/,карточка без URL в #catalog/engines,Да (страница товара); страница кода — условно,P1 (гипотеза),Позиция есть в каталоге (1 шт.). Отдельная страница кода — только при регулярном наличии и спросе
ENG-M271,двигатель m271 купить,маркер,DATA NOT VERIFIED,DATA NOT VERIFIED,DATA NOT VERIFIED,не собрано,Россия,TRANSACTIONAL; PART NUMBER,Mercedes-Benz,C-Class,C203,Двигатель M271,Высокий,/zapchasti/<товар M271>/,карточка без URL в #catalog/engines,Да (страница товара); страница кода — условно,P1 (гипотеза),Позиция есть в каталоге (1 шт.). Отдельная страница кода — только при регулярном наличии и спросе
ENG-M271,контрактный двигатель m271,расширение,DATA NOT VERIFIED,DATA NOT VERIFIED,DATA NOT VERIFIED,не собрано,Россия,TRANSACTIONAL; PART NUMBER,Mercedes-Benz,C-Class,C203,Двигатель M271,Высокий,/zapchasti/<товар M271>/,карточка без URL в #catalog/engines,Да (страница товара); страница кода — условно,P1 (гипотеза),Позиция есть в каталоге (1 шт.). Отдельная страница кода — только при регулярном наличии и спросе
ENG-M271,двигатель m271 б у,расширение,DATA NOT VERIFIED,DATA NOT VERIFIED,DATA NOT VERIFIED,не собрано,Россия,COMMERCIAL; PART NUMBER,Mercedes-Benz,C-Class,C203,Двигатель M271,Высокий,/zapchasti/<товар M271>/,карточка без URL в #catalog/engines,Да (страница товара); страница кода — условно,P1 (гипотеза),Позиция есть в каталоге (1 шт.). Отдельная страница кода — только при регулярном наличии и спросе
ENG-M272,двигатель m272 купить,маркер,DATA NOT VERIFIED,DATA NOT VERIFIED,DATA NOT VERIFIED,не собрано,Россия,TRANSACTIONAL; PART NUMBER,Mercedes-Benz,E-Class,W211 (E211),Двигатель M272,Высокий,/zapchasti/<товар M272>/,карточка без URL в #catalog/engines,Да (страница товара); страница кода — условно,P1 (гипотеза),Позиция есть в каталоге (1 шт.). Отдельная страница кода — только при регулярном наличии и спросе
ENG-M272,контрактный двигатель m272,расширение,DATA NOT VERIFIED,DATA NOT VERIFIED,DATA NOT VERIFIED,не собрано,Россия,TRANSACTIONAL; PART NUMBER,Mercedes-Benz,E-Class,W211 (E211),Двигатель M272,Высокий,/zapchasti/<товар M272>/,карточка без URL в #catalog/engines,Да (страница товара); страница кода — условно,P1 (гипотеза),Позиция есть в каталоге (1 шт.). Отдельная страница кода — только при регулярном наличии и спросе
ENG-M272,двигатель m272 б у,расширение,DATA NOT VERIFIED,DATA NOT VERIFIED,DATA NOT VERIFIED,не собрано,Россия,COMMERCIAL; PART NUMBER,Mercedes-Benz,E-Class,W211 (E211),Двигатель M272,Высокий,/zapchasti/<товар M272>/,карточка без URL в #catalog/engines,Да (страница товара); страница кода — условно,P1 (гипотеза),Позиция есть в каталоге (1 шт.). Отдельная страница кода — только при регулярном наличии и спросе
ENG-M112,двигатель m112 купить,маркер,DATA NOT VERIFIED,DATA NOT VERIFIED,DATA NOT VERIFIED,не собрано,Россия,TRANSACTIONAL; PART NUMBER,Mercedes-Benz,M-Class,W163,Двигатель M112,Высокий,/zapchasti/<товар M112>/,карточка без URL в #catalog/engines,Да (страница товара); страница кода — условно,P1 (гипотеза),Позиция есть в каталоге (1 шт.). Отдельная страница кода — только при регулярном наличии и спросе
ENG-M112,контрактный двигатель m112,расширение,DATA NOT VERIFIED,DATA NOT VERIFIED,DATA NOT VERIFIED,не собрано,Россия,TRANSACTIONAL; PART NUMBER,Mercedes-Benz,M-Class,W163,Двигатель M112,Высокий,/zapchasti/<товар M112>/,карточка без URL в #catalog/engines,Да (страница товара); страница кода — условно,P1 (гипотеза),Позиция есть в каталоге (1 шт.). Отдельная страница кода — только при регулярном наличии и спросе
ENG-M112,двигатель m112 б у,расширение,DATA NOT VERIFIED,DATA NOT VERIFIED,DATA NOT VERIFIED,не собрано,Россия,COMMERCIAL; PART NUMBER,Mercedes-Benz,M-Class,W163,Двигатель M112,Высокий,/zapchasti/<товар M112>/,карточка без URL в #catalog/engines,Да (страница товара); страница кода — условно,P1 (гипотеза),Позиция есть в каталоге (1 шт.). Отдельная страница кода — только при регулярном наличии и спросе
ENG-M54,двигатель m54 купить,маркер,DATA NOT VERIFIED,DATA NOT VERIFIED,DATA NOT VERIFIED,не собрано,Россия,TRANSACTIONAL; PART NUMBER,BMW,5 Series,E39,Двигатель M54,Высокий,/zapchasti/<товар M54>/,карточка без URL в #catalog/engines,Да (страница товара); страница кода — условно,P1 (гипотеза),Позиция есть в каталоге (1 шт.). Отдельная страница кода — только при регулярном наличии и спросе
ENG-M54,контрактный двигатель m54,расширение,DATA NOT VERIFIED,DATA NOT VERIFIED,DATA NOT VERIFIED,не собрано,Россия,TRANSACTIONAL; PART NUMBER,BMW,5 Series,E39,Двигатель M54,Высокий,/zapchasti/<товар M54>/,карточка без URL в #catalog/engines,Да (страница товара); страница кода — условно,P1 (гипотеза),Позиция есть в каталоге (1 шт.). Отдельная страница кода — только при регулярном наличии и спросе
ENG-M54,двигатель m54 б у,расширение,DATA NOT VERIFIED,DATA NOT VERIFIED,DATA NOT VERIFIED,не собрано,Россия,COMMERCIAL; PART NUMBER,BMW,5 Series,E39,Двигатель M54,Высокий,/zapchasti/<товар M54>/,карточка без URL в #catalog/engines,Да (страница товара); страница кода — условно,P1 (гипотеза),Позиция есть в каталоге (1 шт.). Отдельная страница кода — только при регулярном наличии и спросе
ENG-N52,двигатель n52 купить,маркер,DATA NOT VERIFIED,DATA NOT VERIFIED,DATA NOT VERIFIED,не собрано,Россия,TRANSACTIONAL; PART NUMBER,BMW,X3,E83 (по данным Drom),Двигатель N52,Высокий,/zapchasti/<товар N52>/,карточка без URL в #catalog/engines,Да (страница товара); страница кода — условно,P1 (гипотеза),Позиция есть в каталоге (1 шт.). Отдельная страница кода — только при регулярном наличии и спросе
ENG-N52,контрактный двигатель n52,расширение,DATA NOT VERIFIED,DATA NOT VERIFIED,DATA NOT VERIFIED,не собрано,Россия,TRANSACTIONAL; PART NUMBER,BMW,X3,E83 (по данным Drom),Двигатель N52,Высокий,/zapchasti/<товар N52>/,карточка без URL в #catalog/engines,Да (страница товара); страница кода — условно,P1 (гипотеза),Позиция есть в каталоге (1 шт.). Отдельная страница кода — только при регулярном наличии и спросе
ENG-N52,двигатель n52 б у,расширение,DATA NOT VERIFIED,DATA NOT VERIFIED,DATA NOT VERIFIED,не собрано,Россия,COMMERCIAL; PART NUMBER,BMW,X3,E83 (по данным Drom),Двигатель N52,Высокий,/zapchasti/<товар N52>/,карточка без URL в #catalog/engines,Да (страница товара); страница кода — условно,P1 (гипотеза),Позиция есть в каталоге (1 шт.). Отдельная страница кода — только при регулярном наличии и спросе
ENG-N62,двигатель n62 купить,маркер,DATA NOT VERIFIED,DATA NOT VERIFIED,DATA NOT VERIFIED,не собрано,Россия,TRANSACTIONAL; PART NUMBER,BMW,5 Series,E60,Двигатель N62,Высокий,/zapchasti/<товар N62>/,карточка без URL в #catalog/engines,Да (страница товара); страница кода — условно,P1 (гипотеза),Позиция есть в каталоге (1 шт.). Отдельная страница кода — только при регулярном наличии и спросе
ENG-N62,контрактный двигатель n62,расширение,DATA NOT VERIFIED,DATA NOT VERIFIED,DATA NOT VERIFIED,не собрано,Россия,TRANSACTIONAL; PART NUMBER,BMW,5 Series,E60,Двигатель N62,Высокий,/zapchasti/<товар N62>/,карточка без URL в #catalog/engines,Да (страница товара); страница кода — условно,P1 (гипотеза),Позиция есть в каталоге (1 шт.). Отдельная страница кода — только при регулярном наличии и спросе
ENG-N62,двигатель n62 б у,расширение,DATA NOT VERIFIED,DATA NOT VERIFIED,DATA NOT VERIFIED,не собрано,Россия,COMMERCIAL; PART NUMBER,BMW,5 Series,E60,Двигатель N62,Высокий,/zapchasti/<товар N62>/,карточка без URL в #catalog/engines,Да (страница товара); страница кода — условно,P1 (гипотеза),Позиция есть в каталоге (1 шт.). Отдельная страница кода — только при регулярном наличии и спросе
ENG-MODEL,двигатель мерседес w211 б у,расширение,DATA NOT VERIFIED,DATA NOT VERIFIED,DATA NOT VERIFIED,не собрано,Россия,TRANSACTIONAL; MODEL / GENERATION,Mercedes-Benz,E-Class,W211,Двигатель,Высокий,/dvigateli-akpp-mercedes-bmw-barnaul/,/dvigateli-akpp-mercedes-bmw-barnaul/ (есть на production),Нет (есть на production; улучшить),P2 (гипотеза),В наличии M272 с E211
ENG-MODEL,двигатель мерседес w203 купить,расширение,DATA NOT VERIFIED,DATA NOT VERIFIED,DATA NOT VERIFIED,не собрано,Россия,TRANSACTIONAL; MODEL / GENERATION,Mercedes-Benz,C-Class,W203/C203,Двигатель,Высокий,/dvigateli-akpp-mercedes-bmw-barnaul/,/dvigateli-akpp-mercedes-bmw-barnaul/ (есть на production),Нет (есть на production; улучшить),P2 (гипотеза),В наличии M111 и M271 с C203
ENG-MODEL,двигатель мерседес w163 купить,расширение,DATA NOT VERIFIED,DATA NOT VERIFIED,DATA NOT VERIFIED,не собрано,Россия,TRANSACTIONAL; MODEL / GENERATION,Mercedes-Benz,M-Class,W163,Двигатель,Высокий,/dvigateli-akpp-mercedes-bmw-barnaul/,/dvigateli-akpp-mercedes-bmw-barnaul/ (есть на production),Нет (есть на production; улучшить),P2 (гипотеза),В наличии M112
ENG-MODEL,двигатель бмв е39 купить,расширение,DATA NOT VERIFIED,DATA NOT VERIFIED,DATA NOT VERIFIED,не собрано,Россия,TRANSACTIONAL; MODEL / GENERATION,BMW,5 Series,E39,Двигатель,Высокий,/dvigateli-akpp-mercedes-bmw-barnaul/,/dvigateli-akpp-mercedes-bmw-barnaul/ (есть на production),Нет (есть на production; улучшить),P2 (гипотеза),В наличии M54
ENG-MODEL,двигатель бмв е60 купить,расширение,DATA NOT VERIFIED,DATA NOT VERIFIED,DATA NOT VERIFIED,не собрано,Россия,TRANSACTIONAL; MODEL / GENERATION,BMW,5 Series,E60,Двигатель,Высокий,/dvigateli-akpp-mercedes-bmw-barnaul/,/dvigateli-akpp-mercedes-bmw-barnaul/ (есть на production),Нет (есть на production; улучшить),P2 (гипотеза),В наличии N62
ENG-MODEL,двигатель бмв х3 купить,расширение,DATA NOT VERIFIED,DATA NOT VERIFIED,DATA NOT VERIFIED,не собрано,Россия,TRANSACTIONAL; MODEL / GENERATION,BMW,X3,E83 (по данным Drom),Двигатель,Высокий,/dvigateli-akpp-mercedes-bmw-barnaul/,/dvigateli-akpp-mercedes-bmw-barnaul/ (есть на production),Нет (есть на production; улучшить),P2 (гипотеза),В наличии N52; X3 — E83 (по объявлениям Drom)
INFO-ENG,двигатель m272 ресурс,расширение,DATA NOT VERIFIED,DATA NOT VERIFIED,DATA NOT VERIFIED,не собрано,Россия,INFORMATIONAL,Mercedes-Benz,,,Двигатель,Низкий,/stati/<slug>/,нет,Условно (при подтверждённом спросе),P3 (гипотеза),Мост к товару M272
INFO-ENG,m271 или m272,расширение,DATA NOT VERIFIED,DATA NOT VERIFIED,DATA NOT VERIFIED,не собрано,Россия,INFORMATIONAL,Mercedes-Benz,,,Двигатель,Низкий,/stati/<slug>/,нет,Условно (при подтверждённом спросе),P3 (гипотеза),Сравнение; мост к товарам
INFO-ENG,двигатель n52 ресурс,расширение,DATA NOT VERIFIED,DATA NOT VERIFIED,DATA NOT VERIFIED,не собрано,Россия,INFORMATIONAL,BMW,,,Двигатель,Низкий,/stati/<slug>/,нет,Условно (при подтверждённом спросе),P3 (гипотеза),Мост к товару N52
INFO-ENG,двигатель n62 проблемы,расширение,DATA NOT VERIFIED,DATA NOT VERIFIED,DATA NOT VERIFIED,не собрано,Россия,INFORMATIONAL,BMW,,,Двигатель,Низкий,/stati/<slug>/,нет,Условно (при подтверждённом спросе),P3 (гипотеза),Мост к товару N62
INFO-ENG,как узнать номер двигателя мерседес,расширение,DATA NOT VERIFIED,DATA NOT VERIFIED,DATA NOT VERIFIED,не собрано,Россия,INFORMATIONAL,Mercedes-Benz,,,Двигатель,Низкий,/stati/<slug>/,нет,Условно (при подтверждённом спросе),P3 (гипотеза),Помощь в подборе; мост к форме VIN
INFO-ENG,какой двигатель стоит на w204,расширение,DATA NOT VERIFIED,DATA NOT VERIFIED,DATA NOT VERIFIED,не собрано,Россия,INFORMATIONAL,Mercedes-Benz,,,Двигатель,Низкий,/stati/<slug>/,нет,Условно (при подтверждённом спросе),P3 (гипотеза),"Пример из брифа; в наличии кузов W204, двигателя W204 нет"
INFO-ENG,какой двигатель на bmw e60,расширение,DATA NOT VERIFIED,DATA NOT VERIFIED,DATA NOT VERIFIED,не собрано,Россия,INFORMATIONAL,BMW,,,Двигатель,Низкий,/stati/<slug>/,нет,Условно (при подтверждённом спросе),P3 (гипотеза),Мост к N62
INFO-ENG,что такое контрактный двигатель,расширение,DATA NOT VERIFIED,DATA NOT VERIFIED,DATA NOT VERIFIED,не собрано,Россия,INFORMATIONAL,"Mercedes-Benz, BMW",,,Двигатель,Низкий,/stati/<slug>/,нет,Условно (при подтверждённом спросе),P3 (гипотеза),Объяснение термина; мост к категории
INFO-ENG,как проверить контрактный двигатель при покупке,расширение,DATA NOT VERIFIED,DATA NOT VERIFIED,DATA NOT VERIFIED,не собрано,Россия,INFORMATIONAL,"Mercedes-Benz, BMW",,,Двигатель,Низкий,/stati/<slug>/,нет,Условно (при подтверждённом спросе),P3 (гипотеза),Доверие; мост к «фото и видео до сделки»
CAT-AKPP,контрактная акпп,маркер,DATA NOT VERIFIED,DATA NOT VERIFIED,DATA NOT VERIFIED,не собрано,Россия,COMMERCIAL,"Mercedes-Benz, BMW",,,АКПП,Высокий,/dvigateli-akpp-mercedes-bmw-barnaul/,/dvigateli-akpp-mercedes-bmw-barnaul/ (есть на production),Нет (есть на production; улучшить),P2 (гипотеза),Широкий: все марки
CAT-AKPP,акпп мерседес б у,маркер,DATA NOT VERIFIED,DATA NOT VERIFIED,DATA NOT VERIFIED,не собрано,Россия,COMMERCIAL,Mercedes-Benz,,,АКПП,Высокий,/dvigateli-akpp-mercedes-bmw-barnaul/,/dvigateli-akpp-mercedes-bmw-barnaul/ (есть на production),Нет (есть на production; улучшить),P1 (гипотеза),
CAT-AKPP,контрактная акпп мерседес,расширение,DATA NOT VERIFIED,DATA NOT VERIFIED,DATA NOT VERIFIED,не собрано,Россия,COMMERCIAL,Mercedes-Benz,,,АКПП,Высокий,/dvigateli-akpp-mercedes-bmw-barnaul/,/dvigateli-akpp-mercedes-bmw-barnaul/ (есть на production),Нет (есть на production; улучшить),P1 (гипотеза),
CAT-AKPP,акпп бмв б у,маркер,DATA NOT VERIFIED,DATA NOT VERIFIED,DATA NOT VERIFIED,не собрано,Россия,COMMERCIAL,BMW,,,АКПП,Высокий,/dvigateli-akpp-mercedes-bmw-barnaul/,/dvigateli-akpp-mercedes-bmw-barnaul/ (есть на production),Нет (есть на production; улучшить),P1 (гипотеза),
CAT-AKPP,контрактная акпп бмв,расширение,DATA NOT VERIFIED,DATA NOT VERIFIED,DATA NOT VERIFIED,не собрано,Россия,COMMERCIAL,BMW,,,АКПП,Высокий,/dvigateli-akpp-mercedes-bmw-barnaul/,/dvigateli-akpp-mercedes-bmw-barnaul/ (есть на production),Нет (есть на production; улучшить),P1 (гипотеза),
AKPP-6HP26,акпп zf 6hp26 купить,маркер,DATA NOT VERIFIED,DATA NOT VERIFIED,DATA NOT VERIFIED,не собрано,Россия,TRANSACTIONAL; PART NUMBER,BMW,,,АКПП ZF 6HP26,Высокий,/zapchasti/<товар 6HP26>/,"#catalog/transmission (хеш, не индексируется)",Да (страница товара),P1 (гипотеза),В наличии с 550i
AKPP-6HP26,6hp26 б у,расширение,DATA NOT VERIFIED,DATA NOT VERIFIED,DATA NOT VERIFIED,не собрано,Россия,COMMERCIAL; PART NUMBER,BMW,,,АКПП ZF 6HP26,Высокий,/zapchasti/<товар 6HP26>/,"#catalog/transmission (хеш, не индексируется)",Да (страница товара),P1 (гипотеза),
AKPP-6HP26,акпп 6hp26 контрактная,расширение,DATA NOT VERIFIED,DATA NOT VERIFIED,DATA NOT VERIFIED,не собрано,Россия,COMMERCIAL; PART NUMBER,BMW,,,АКПП ZF 6HP26,Высокий,/zapchasti/<товар 6HP26>/,"#catalog/transmission (хеш, не индексируется)",Да (страница товара),P1 (гипотеза),
AKPP-6HP26,акпп бмв е60 купить,расширение,DATA NOT VERIFIED,DATA NOT VERIFIED,DATA NOT VERIFIED,не собрано,Россия,TRANSACTIONAL; MODEL / GENERATION,BMW,,,АКПП,Высокий,/zapchasti/<товар 6HP26>/,"#catalog/transmission (хеш, не индексируется)",Да (страница товара),P2 (гипотеза),550i (E60) — ZF 6HP26
AKPP-E39,акпп бмв е39 купить,расширение,DATA NOT VERIFIED,DATA NOT VERIFIED,DATA NOT VERIFIED,не собрано,Россия,TRANSACTIONAL; MODEL / GENERATION,BMW,,,АКПП,Высокий,/zapchasti/<товар 525i>/,"#catalog/transmission (хеш, не индексируется)",Да (страница товара),P2 (гипотеза),Код АКПП 525i не указан — уточнить у владельца
AKPP-ECLASS2009,акпп мерседес w211 купить,расширение,DATA NOT VERIFIED,DATA NOT VERIFIED,DATA NOT VERIFIED,не собрано,Россия,TRANSACTIONAL; MODEL / GENERATION,Mercedes-Benz,,,АКПП,Высокий,/zapchasti/<товар E-Class 2009>/,"#catalog/transmission (хеш, не индексируется)",Да (страница товара),P2 (гипотеза),«E-Class 2009»: W211 или W212 — уточнить кузов и код АКПП
AKPP-ECLASS2009,акпп мерседес w212 купить,расширение,DATA NOT VERIFIED,DATA NOT VERIFIED,DATA NOT VERIFIED,не собрано,Россия,TRANSACTIONAL; MODEL / GENERATION,Mercedes-Benz,,,АКПП,Высокий,/zapchasti/<товар E-Class 2009>/,"#catalog/transmission (хеш, не индексируется)",Да (страница товара),P2 (гипотеза),См. выше
INFO-AKPP,6hp26 на какие машины ставится,расширение,DATA NOT VERIFIED,DATA NOT VERIFIED,DATA NOT VERIFIED,не собрано,Россия,INFORMATIONAL,BMW,,,АКПП ZF 6HP26,Низкий,/stati/<slug>/,нет,Условно (при подтверждённом спросе),P3 (гипотеза),Мост к товару 6HP26
CAT-AKPP,акпп мерседес барнаул,расширение,DATA NOT VERIFIED,DATA NOT VERIFIED,DATA NOT VERIFIED,не собрано,Барнаул,COMMERCIAL; GEO,Mercedes-Benz,,,АКПП,Высокий,/dvigateli-akpp-mercedes-bmw-barnaul/,/dvigateli-akpp-mercedes-bmw-barnaul/ (есть на production),Нет (есть на production; улучшить),P2 (гипотеза),
CAT-AKPP,контрактная акпп барнаул,расширение,DATA NOT VERIFIED,DATA NOT VERIFIED,DATA NOT VERIFIED,не собрано,Барнаул,COMMERCIAL; GEO,"Mercedes-Benz, BMW",,,АКПП,Высокий,/dvigateli-akpp-mercedes-bmw-barnaul/,/dvigateli-akpp-mercedes-bmw-barnaul/ (есть на production),Нет (есть на production; улучшить),P2 (гипотеза),Широкий: все марки
CAT-OPTICS,фары мерседес б у,маркер,DATA NOT VERIFIED,DATA NOT VERIFIED,DATA NOT VERIFIED,не собрано,Россия,COMMERCIAL,Mercedes-Benz,,,Фары,Высокий,/kuzovnye-detali-optika-mercedes-bmw-barnaul/,/kuzovnye-detali-optika-mercedes-bmw-barnaul/ (есть на production),Нет (есть на production; улучшить),P2 (гипотеза),
CAT-OPTICS,фары бмв б у,маркер,DATA NOT VERIFIED,DATA NOT VERIFIED,DATA NOT VERIFIED,не собрано,Россия,COMMERCIAL,BMW,,,Фары,Высокий,/kuzovnye-detali-optika-mercedes-bmw-barnaul/,/kuzovnye-detali-optika-mercedes-bmw-barnaul/ (есть на production),Нет (есть на production; улучшить),P2 (гипотеза),
OPT-W212,фары w212 купить,маркер,DATA NOT VERIFIED,DATA NOT VERIFIED,DATA NOT VERIFIED,не собрано,Россия,TRANSACTIONAL; MODEL / GENERATION,Mercedes-Benz,E-Class,W212,Фары,Высокий,/zapchasti/<товар фары W212>/,"#catalog/optics (хеш, не индексируется)",Да (страница товара),P1 (гипотеза),В наличии комплект
OPT-W212,фара w212 б у,расширение,DATA NOT VERIFIED,DATA NOT VERIFIED,DATA NOT VERIFIED,не собрано,Россия,COMMERCIAL; MODEL / GENERATION,Mercedes-Benz,E-Class,W212,Фары,Высокий,/zapchasti/<товар фары W212>/,"#catalog/optics (хеш, не индексируется)",Да (страница товара),P1 (гипотеза),
OPT-W212,фары w212 оригинал,расширение,DATA NOT VERIFIED,DATA NOT VERIFIED,DATA NOT VERIFIED,не собрано,Россия,COMMERCIAL; MODEL / GENERATION,Mercedes-Benz,E-Class,W212,Фары,Высокий,/zapchasti/<товар фары W212>/,"#catalog/optics (хеш, не индексируется)",Да (страница товара),P1 (гипотеза),
OPT-E60,фары бмв е60 купить,маркер,DATA NOT VERIFIED,DATA NOT VERIFIED,DATA NOT VERIFIED,не собрано,Россия,TRANSACTIONAL; MODEL / GENERATION,BMW,5 Series,E60,Фары,Высокий,/zapchasti/<товар фары 550i 2006>/,"#catalog/optics (хеш, не индексируется)",Да (страница товара),P1 (гипотеза),В наличии: фары 550i 2006
OPT-E60,фара e60 ксенон б у,расширение,DATA NOT VERIFIED,DATA NOT VERIFIED,DATA NOT VERIFIED,не собрано,Россия,COMMERCIAL; MODEL / GENERATION,BMW,5 Series,E60,Фары,Высокий,/zapchasti/<товар фары 550i 2006>/,"#catalog/optics (хеш, не индексируется)",Да (страница товара),P1 (гипотеза),Тип фар (ксенон/галоген) уточнить
OPT-W204,фары w204 рестайлинг ксенон,расширение,DATA NOT VERIFIED,DATA NOT VERIFIED,DATA NOT VERIFIED,не собрано,Россия,COMMERCIAL; MODEL / GENERATION,Mercedes-Benz,C-Class,W204 (рестайлинг),Фары,Высокий,/zapchasti/<товар ксенон C-Class 2013>/,"#catalog/optics (хеш, не индексируется)",Да (страница товара),P1 (гипотеза),«C-Class 2013» — предположительно W204 рестайлинг; подтвердить у владельца
OPT-W204,фара w204 б у,расширение,DATA NOT VERIFIED,DATA NOT VERIFIED,DATA NOT VERIFIED,не собрано,Россия,COMMERCIAL; MODEL / GENERATION,Mercedes-Benz,C-Class,W204,Фары,Высокий,/zapchasti/<товар ксенон C-Class 2013>/,"#catalog/optics (хеш, не индексируется)",Да (страница товара),P1 (гипотеза),См. выше
OPT-W211,фара w211 ксенон б у,маркер,DATA NOT VERIFIED,DATA NOT VERIFIED,DATA NOT VERIFIED,не собрано,Россия,COMMERCIAL; MODEL / GENERATION,Mercedes-Benz,E-Class,W211 (рестайлинг),Фары,Высокий,/zapchasti/<товар ксенон E-Class 2007>/,"#catalog/optics (хеш, не индексируется)",Да (страница товара),P1 (гипотеза),«E-Class 2007» — предположительно W211; подтвердить; одна фара — указать сторону
OPT-W211,фара w211 купить,расширение,DATA NOT VERIFIED,DATA NOT VERIFIED,DATA NOT VERIFIED,не собрано,Россия,TRANSACTIONAL; MODEL / GENERATION,Mercedes-Benz,E-Class,W211,Фары,Высокий,/zapchasti/<товар ксенон E-Class 2007>/,"#catalog/optics (хеш, не индексируется)",Да (страница товара),P1 (гипотеза),
OPT-W211,задние фонари w211 купить,маркер,DATA NOT VERIFIED,DATA NOT VERIFIED,DATA NOT VERIFIED,не собрано,Россия,TRANSACTIONAL; MODEL / GENERATION,Mercedes-Benz,E-Class,W211,Задние фонари,Высокий,/zapchasti/<товар фонари W211>/,"#catalog/optics (хеш, не индексируется)",Да (страница товара),P1 (гипотеза),В наличии комплект
OPT-W211,фонарь w211 б у,расширение,DATA NOT VERIFIED,DATA NOT VERIFIED,DATA NOT VERIFIED,не собрано,Россия,COMMERCIAL; MODEL / GENERATION,Mercedes-Benz,E-Class,W211,Задние фонари,Высокий,/zapchasti/<товар фонари W211>/,"#catalog/optics (хеш, не индексируется)",Да (страница товара),P1 (гипотеза),
OPT-W207,задние фонари w207 купить,маркер,DATA NOT VERIFIED,DATA NOT VERIFIED,DATA NOT VERIFIED,не собрано,Россия,TRANSACTIONAL; MODEL / GENERATION,Mercedes-Benz,E-Class Coupe/Cabrio,W207,Задние фонари,Высокий,/zapchasti/<товар фонари W207>/,"#catalog/optics (хеш, не индексируется)",Да (страница товара),P1 (гипотеза),В наличии комплект
OPT-W207,фонарь w207 б у,расширение,DATA NOT VERIFIED,DATA NOT VERIFIED,DATA NOT VERIFIED,не собрано,Россия,COMMERCIAL; MODEL / GENERATION,Mercedes-Benz,E-Class Coupe/Cabrio,W207,Задние фонари,Высокий,/zapchasti/<товар фонари W207>/,"#catalog/optics (хеш, не индексируется)",Да (страница товара),P1 (гипотеза),
OPT-E60,задние фонари бмв е60 купить,маркер,DATA NOT VERIFIED,DATA NOT VERIFIED,DATA NOT VERIFIED,не собрано,Россия,TRANSACTIONAL; MODEL / GENERATION,BMW,5 Series,E60,Задние фонари,Высокий,/zapchasti/<товар фонари E60 550i>/,"#catalog/optics (хеш, не индексируется)",Да (страница товара),P1 (гипотеза),В наличии комплект
OPT-E60,фонарь бмв е60 б у,расширение,DATA NOT VERIFIED,DATA NOT VERIFIED,DATA NOT VERIFIED,не собрано,Россия,COMMERCIAL; MODEL / GENERATION,BMW,5 Series,E60,Задние фонари,Высокий,/zapchasti/<товар фонари E60 550i>/,"#catalog/optics (хеш, не индексируется)",Да (страница товара),P1 (гипотеза),
CAT-OPTICS,оптика мерседес б у барнаул,расширение,DATA NOT VERIFIED,DATA NOT VERIFIED,DATA NOT VERIFIED,не собрано,Барнаул,COMMERCIAL; GEO,Mercedes-Benz,,,Оптика,Высокий,/kuzovnye-detali-optika-mercedes-bmw-barnaul/,/kuzovnye-detali-optika-mercedes-bmw-barnaul/ (есть на production),Нет (есть на production; улучшить),P2 (гипотеза),
INFO-OPTICS,фары для левостороннего движения,расширение,DATA NOT VERIFIED,DATA NOT VERIFIED,DATA NOT VERIFIED,не собрано,Россия,INFORMATIONAL,"Mercedes-Benz, BMW",,,Фары,Низкий,/stati/<slug>/,нет,Условно (при подтверждённом спросе),P3 (гипотеза),Детали с японских авто: Япония — левостороннее движение; честно описать совместимость световой картины. Проверить спрос
CAT-BODY,кузовные запчасти мерседес б у,маркер,DATA NOT VERIFIED,DATA NOT VERIFIED,DATA NOT VERIFIED,не собрано,Россия,COMMERCIAL,Mercedes-Benz,,,Кузовные детали,Высокий,/kuzovnye-detali-optika-mercedes-bmw-barnaul/,/kuzovnye-detali-optika-mercedes-bmw-barnaul/ (есть на production),Нет (есть на production; улучшить),P2 (гипотеза),В каталоге только пороги и кузов — расширять по наличию
CAT-BODY,кузовные запчасти бмв б у,маркер,DATA NOT VERIFIED,DATA NOT VERIFIED,DATA NOT VERIFIED,не собрано,Россия,COMMERCIAL,BMW,,,Кузовные детали,Высокий,/kuzovnye-detali-optika-mercedes-bmw-barnaul/,/kuzovnye-detali-optika-mercedes-bmw-barnaul/ (есть на production),Нет (есть на production; улучшить),P3 (гипотеза),Кузовных позиций BMW в каталоге почти нет
CAT-BODY,кузовщина мерседес барнаул,расширение,DATA NOT VERIFIED,DATA NOT VERIFIED,DATA NOT VERIFIED,не собрано,Барнаул,COMMERCIAL; GEO,Mercedes-Benz,,,Кузовные детали,Высокий,/kuzovnye-detali-optika-mercedes-bmw-barnaul/,/kuzovnye-detali-optika-mercedes-bmw-barnaul/ (есть на production),Нет (есть на production; улучшить),P2 (гипотеза),
BODY-W204,кузов w204 купить,маркер,DATA NOT VERIFIED,DATA NOT VERIFIED,DATA NOT VERIFIED,не собрано,Россия,TRANSACTIONAL; MODEL / GENERATION,Mercedes-Benz,C-Class,W204,Кузов,Высокий,/zapchasti/<товар кузов W204>/,"#catalog/body (хеш, не индексируется)",Да (страница товара),P2 (гипотеза),Продажа кузова с номером: уточнить у владельца порядок оформления документов; не обещать регистрацию
BODY-W204,кузов мерседес w204 б у,расширение,DATA NOT VERIFIED,DATA NOT VERIFIED,DATA NOT VERIFIED,не собрано,Россия,COMMERCIAL; MODEL / GENERATION,Mercedes-Benz,C-Class,W204,Кузов,Высокий,/zapchasti/<товар кузов W204>/,"#catalog/body (хеш, не индексируется)",Да (страница товара),P2 (гипотеза),См. выше
BODY-W203,пороги w203 купить,маркер,DATA NOT VERIFIED,DATA NOT VERIFIED,DATA NOT VERIFIED,не собрано,Россия,TRANSACTIONAL; MODEL / GENERATION,Mercedes-Benz,C-Class,W203,Пороги,Высокий,/zapchasti/<товар пороги W203>/,"#catalog/body (хеш, не индексируется)",Да (страница товара),P2 (гипотеза),В наличии передние пороги
BODY-W203,порог мерседес w203 б у,расширение,DATA NOT VERIFIED,DATA NOT VERIFIED,DATA NOT VERIFIED,не собрано,Россия,COMMERCIAL; MODEL / GENERATION,Mercedes-Benz,C-Class,W203,Пороги,Высокий,/zapchasti/<товар пороги W203>/,"#catalog/body (хеш, не индексируется)",Да (страница товара),P2 (гипотеза),
CAT-BODY,пороги мерседес б у,расширение,DATA NOT VERIFIED,DATA NOT VERIFIED,DATA NOT VERIFIED,не собрано,Россия,COMMERCIAL,Mercedes-Benz,,,Пороги,Высокий,/kuzovnye-detali-optika-mercedes-bmw-barnaul/,/kuzovnye-detali-optika-mercedes-bmw-barnaul/ (есть на production),Нет (есть на production; улучшить),P3 (гипотеза),«Пороги в ассортименте» — марки не указаны
CAT-BODY,пороги бмв б у,расширение,DATA NOT VERIFIED,DATA NOT VERIFIED,DATA NOT VERIFIED,не собрано,Россия,COMMERCIAL,BMW,,,Пороги,Высокий,/kuzovnye-detali-optika-mercedes-bmw-barnaul/,/kuzovnye-detali-optika-mercedes-bmw-barnaul/ (есть на production),Нет (есть на production; улучшить),P3 (гипотеза),Есть ли пороги BMW — уточнить
CAT-CHASSIS,диски мерседес оригинал б у,маркер,DATA NOT VERIFIED,DATA NOT VERIFIED,DATA NOT VERIFIED,не собрано,Россия,COMMERCIAL,Mercedes-Benz,,,Диски,Высокий,/diski-podveska-tormoza-mercedes-bmw-barnaul/,"#catalog/chassis (хеш, не индексируется)",Да (новая посадочная),P2 (гипотеза),Возможно отдельная категория «Диски и колёса» — решить после Wordstat; сезонность
CH-W211,оригинальные диски w211,маркер,DATA NOT VERIFIED,DATA NOT VERIFIED,DATA NOT VERIFIED,не собрано,Россия,COMMERCIAL; MODEL / GENERATION,Mercedes-Benz,E-Class,W211,Диски,Высокий,/zapchasti/<товар диски W211>/,"#catalog/chassis (хеш, не индексируется)",Да (страница товара),P1 (гипотеза),"Указать диаметр, вылет, разболтовку — данные у владельца"
CH-W211,диски мерседес w211 оригинал б у,расширение,DATA NOT VERIFIED,DATA NOT VERIFIED,DATA NOT VERIFIED,не собрано,Россия,COMMERCIAL; MODEL / GENERATION,Mercedes-Benz,E-Class,W211,Диски,Высокий,/zapchasti/<товар диски W211>/,"#catalog/chassis (хеш, не индексируется)",Да (страница товара),P1 (гипотеза),
CH-W204,оригинальные диски w204,маркер,DATA NOT VERIFIED,DATA NOT VERIFIED,DATA NOT VERIFIED,не собрано,Россия,COMMERCIAL; MODEL / GENERATION,Mercedes-Benz,C-Class,W204,Диски,Высокий,/zapchasti/<товар диски W204>/,"#catalog/chassis (хеш, не индексируется)",Да (страница товара),P1 (гипотеза),
CH-W204,диски мерседес w204 б у,расширение,DATA NOT VERIFIED,DATA NOT VERIFIED,DATA NOT VERIFIED,не собрано,Россия,COMMERCIAL; MODEL / GENERATION,Mercedes-Benz,C-Class,W204,Диски,Высокий,/zapchasti/<товар диски W204>/,"#catalog/chassis (хеш, не индексируется)",Да (страница товара),P1 (гипотеза),
CH-E39,оригинальные диски бмв е39,маркер,DATA NOT VERIFIED,DATA NOT VERIFIED,DATA NOT VERIFIED,не собрано,Россия,COMMERCIAL; MODEL / GENERATION,BMW,5 Series,E39,Диски,Высокий,/zapchasti/<товар диски E39>/,"#catalog/chassis (хеш, не индексируется)",Да (страница товара),P1 (гипотеза),
CH-E39,диски бмв е39 б у,расширение,DATA NOT VERIFIED,DATA NOT VERIFIED,DATA NOT VERIFIED,не собрано,Россия,COMMERCIAL; MODEL / GENERATION,BMW,5 Series,E39,Диски,Высокий,/zapchasti/<товар диски E39>/,"#catalog/chassis (хеш, не индексируется)",Да (страница товара),P1 (гипотеза),
CH-E60,колеса бмв е60 оригинал,маркер,DATA NOT VERIFIED,DATA NOT VERIFIED,DATA NOT VERIFIED,не собрано,Россия,COMMERCIAL; MODEL / GENERATION,BMW,5 Series,E60,Колёса,Высокий,/zapchasti/<товар колёса E60 550i>/,"#catalog/chassis (хеш, не индексируется)",Да (страница товара),P1 (гипотеза),Указать размеры шин и износ
CH-E60,диски бмв е60 б у,расширение,DATA NOT VERIFIED,DATA NOT VERIFIED,DATA NOT VERIFIED,не собрано,Россия,COMMERCIAL; MODEL / GENERATION,BMW,5 Series,E60,Диски,Высокий,/zapchasti/<товар колёса E60 550i>/,"#catalog/chassis (хеш, не индексируется)",Да (страница товара),P1 (гипотеза),
CAT-CHASSIS,оригинальные диски бмв б у,маркер,DATA NOT VERIFIED,DATA NOT VERIFIED,DATA NOT VERIFIED,не собрано,Россия,COMMERCIAL,BMW,,,Диски,Высокий,/diski-podveska-tormoza-mercedes-bmw-barnaul/,"#catalog/chassis (хеш, не индексируется)",Да (новая посадочная),P2 (гипотеза),
CH-W221,тормозные диски w221,маркер,DATA NOT VERIFIED,DATA NOT VERIFIED,DATA NOT VERIFIED,не собрано,Россия,COMMERCIAL; MODEL / GENERATION,Mercedes-Benz,S-Class,W221,Тормозные диски,Высокий,/zapchasti/<товар тормозные диски W221 S500>/,"#catalog/chassis (хеш, не индексируется)",Да (страница товара),P2 (гипотеза),Указывать остаточную толщину и износ
CH-W221,тормозные диски w221 s500 б у,расширение,DATA NOT VERIFIED,DATA NOT VERIFIED,DATA NOT VERIFIED,не собрано,Россия,COMMERCIAL; MODEL / GENERATION,Mercedes-Benz,S-Class,W221,Тормозные диски,Высокий,/zapchasti/<товар тормозные диски W221 S500>/,"#catalog/chassis (хеш, не индексируется)",Да (страница товара),P2 (гипотеза),
CH-W211,передние тормозные диски w211 e300,маркер,DATA NOT VERIFIED,DATA NOT VERIFIED,DATA NOT VERIFIED,не собрано,Россия,COMMERCIAL; MODEL / GENERATION,Mercedes-Benz,E-Class,W211,Тормозные диски,Высокий,/zapchasti/<товар тормозные диски W211 E300>/,"#catalog/chassis (хеш, не индексируется)",Да (страница товара),P2 (гипотеза),
CH-W211,тормозные диски w211 б у,расширение,DATA NOT VERIFIED,DATA NOT VERIFIED,DATA NOT VERIFIED,не собрано,Россия,COMMERCIAL; MODEL / GENERATION,Mercedes-Benz,E-Class,W211,Тормозные диски,Высокий,/zapchasti/<товар тормозные диски W211 E300>/,"#catalog/chassis (хеш, не индексируется)",Да (страница товара),P2 (гипотеза),
CH-W211,рычаги задней подвески w211,маркер,DATA NOT VERIFIED,DATA NOT VERIFIED,DATA NOT VERIFIED,не собрано,Россия,COMMERCIAL; MODEL / GENERATION,Mercedes-Benz,E-Class,W211,Рычаги,Высокий,/zapchasti/<товар рычаги W211>/,"#catalog/chassis (хеш, не индексируется)",Да (страница товара),P1 (гипотеза),Состав комплекта и состояние сайлентблоков — у владельца
CH-W211,рычаг w211 задний б у,расширение,DATA NOT VERIFIED,DATA NOT VERIFIED,DATA NOT VERIFIED,не собрано,Россия,COMMERCIAL; MODEL / GENERATION,Mercedes-Benz,E-Class,W211,Рычаги,Высокий,/zapchasti/<товар рычаги W211>/,"#catalog/chassis (хеш, не индексируется)",Да (страница товара),P1 (гипотеза),
CH-W203,рычаги задней подвески w203,маркер,DATA NOT VERIFIED,DATA NOT VERIFIED,DATA NOT VERIFIED,не собрано,Россия,COMMERCIAL; MODEL / GENERATION,Mercedes-Benz,C-Class,W203,Рычаги,Высокий,/zapchasti/<товар рычаги W203>/,"#catalog/chassis (хеш, не индексируется)",Да (страница товара),P1 (гипотеза),
CH-W203,рычаг w203 задний б у,расширение,DATA NOT VERIFIED,DATA NOT VERIFIED,DATA NOT VERIFIED,не собрано,Россия,COMMERCIAL; MODEL / GENERATION,Mercedes-Benz,C-Class,W203,Рычаги,Высокий,/zapchasti/<товар рычаги W203>/,"#catalog/chassis (хеш, не индексируется)",Да (страница товара),P1 (гипотеза),
CH-E39,задняя балка бмв е39,маркер,DATA NOT VERIFIED,DATA NOT VERIFIED,DATA NOT VERIFIED,не собрано,Россия,COMMERCIAL; MODEL / GENERATION,BMW,5 Series,E39,Подрамник,Высокий,/zapchasti/<товар балка E39 525i>/,"#catalog/chassis (хеш, не индексируется)",Да (страница товара),P2 (гипотеза),
CH-E39,подрамник задний е39 б у,расширение,DATA NOT VERIFIED,DATA NOT VERIFIED,DATA NOT VERIFIED,не собрано,Россия,COMMERCIAL; MODEL / GENERATION,BMW,5 Series,E39,Подрамник,Высокий,/zapchasti/<товар балка E39 525i>/,"#catalog/chassis (хеш, не индексируется)",Да (страница товара),P2 (гипотеза),
CAT-CHASSIS,подвеска мерседес б у барнаул,расширение,DATA NOT VERIFIED,DATA NOT VERIFIED,DATA NOT VERIFIED,не собрано,Барнаул,COMMERCIAL; GEO,Mercedes-Benz,,,Подвеска,Высокий,/diski-podveska-tormoza-mercedes-bmw-barnaul/,"#catalog/chassis (хеш, не индексируется)",Да (новая посадочная),P2 (гипотеза),
CAT-CHASSIS,диски мерседес барнаул,расширение,DATA NOT VERIFIED,DATA NOT VERIFIED,DATA NOT VERIFIED,не собрано,Барнаул,COMMERCIAL; GEO,Mercedes-Benz,,,Диски,Высокий,/diski-podveska-tormoza-mercedes-bmw-barnaul/,"#catalog/chassis (хеш, не индексируется)",Да (новая посадочная),P2 (гипотеза),Может включать новые неоригинальные диски — проверить выдачу
INT-E60,сиденья бмв е60 купить,маркер,DATA NOT VERIFIED,DATA NOT VERIFIED,DATA NOT VERIFIED,не собрано,Россия,TRANSACTIONAL; MODEL / GENERATION,BMW,5 Series,E60,Салон,Высокий,/zapchasti/<товар сиденья 550i>/,"#catalog/interior (хеш, не индексируется)",Да (страница товара),P2 (гипотеза),"Цвет, материал, электрика, подогрев — у владельца"
INT-E60,сиденья бмв е60 б у,расширение,DATA NOT VERIFIED,DATA NOT VERIFIED,DATA NOT VERIFIED,не собрано,Россия,COMMERCIAL,BMW,5 Series,E60,Салон,Высокий,/zapchasti/<товар сиденья 550i>/,"#catalog/interior (хеш, не индексируется)",Да (страница товара),P2 (гипотеза),
INT-E60,салон бмв е60 б у,расширение,DATA NOT VERIFIED,DATA NOT VERIFIED,DATA NOT VERIFIED,не собрано,Россия,COMMERCIAL,BMW,5 Series,E60,Салон,Высокий,/zapchasti/<товар сиденья 550i>/,"#catalog/interior (хеш, не индексируется)",Да (страница товара),P2 (гипотеза),
CAT-INTERIOR,салон мерседес б у,маркер,DATA NOT VERIFIED,DATA NOT VERIFIED,DATA NOT VERIFIED,не собрано,Россия,COMMERCIAL,Mercedes-Benz,,,Салон,Высокий,/kuzovnye-detali-optika-mercedes-bmw-barnaul/,/kuzovnye-detali-optika-mercedes-bmw-barnaul/ (есть на production),Нет (есть на production; улучшить),P3 (гипотеза),"В каталоге 1 позиция — категория тонкая, расширять по наличию"
CAT-INTERIOR,салон бмв б у,маркер,DATA NOT VERIFIED,DATA NOT VERIFIED,DATA NOT VERIFIED,не собрано,Россия,COMMERCIAL,BMW,,,Салон,Высокий,/kuzovnye-detali-optika-mercedes-bmw-barnaul/,/kuzovnye-detali-optika-mercedes-bmw-barnaul/ (есть на production),Нет (есть на production; улучшить),P3 (гипотеза),
NOT-IN-CATALOG,мкпп мерседес б у,расширение,DATA NOT VERIFIED,DATA NOT VERIFIED,DATA NOT VERIFIED,не собрано,Россия,COMMERCIAL,Mercedes-Benz,,,МКПП,Высокий,/zapchasti/<товар>/ из выгрузки наличия + посадочная категории,нет,"Да, с импортом наличия",P2 (гипотеза),На Drom такие позиции есть (выборка 02.10.2026) — появятся на сайте с импортом наличия
NOT-IN-CATALOG,редуктор бмв е60 б у,расширение,DATA NOT VERIFIED,DATA NOT VERIFIED,DATA NOT VERIFIED,не собрано,Россия,COMMERCIAL,BMW,,,Редуктор,Высокий,/zapchasti/<товар>/ из выгрузки наличия + посадочная категории,нет,"Да, с импортом наличия",P2 (гипотеза),На Drom такие позиции есть (выборка 02.10.2026) — появятся на сайте с импортом наличия
NOT-IN-CATALOG,редуктор мерседес w211 б у,расширение,DATA NOT VERIFIED,DATA NOT VERIFIED,DATA NOT VERIFIED,не собрано,Россия,COMMERCIAL,Mercedes-Benz,,,Редуктор,Высокий,/zapchasti/<товар>/ из выгрузки наличия + посадочная категории,нет,"Да, с импортом наличия",P2 (гипотеза),На Drom такие позиции есть (выборка 02.10.2026) — появятся на сайте с импортом наличия
NOT-IN-CATALOG,блок управления мерседес б у,расширение,DATA NOT VERIFIED,DATA NOT VERIFIED,DATA NOT VERIFIED,не собрано,Россия,COMMERCIAL,Mercedes-Benz,,,Электроника,Высокий,/zapchasti/<товар>/ из выгрузки наличия + посадочная категории,нет,"Да, с импортом наличия",P2 (гипотеза),На Drom такие позиции есть (выборка 02.10.2026) — появятся на сайте с импортом наличия
NOT-IN-CATALOG,электрика бмв б у,расширение,DATA NOT VERIFIED,DATA NOT VERIFIED,DATA NOT VERIFIED,не собрано,Россия,COMMERCIAL,BMW,,,Электрика,Высокий,/zapchasti/<товар>/ из выгрузки наличия + посадочная категории,нет,"Да, с импортом наличия",P2 (гипотеза),На Drom такие позиции есть (выборка 02.10.2026) — появятся на сайте с импортом наличия
NOT-IN-CATALOG,двери мерседес w211 б у,расширение,DATA NOT VERIFIED,DATA NOT VERIFIED,DATA NOT VERIFIED,не собрано,Россия,COMMERCIAL,Mercedes-Benz,,,Двери,Высокий,/zapchasti/<товар>/ из выгрузки наличия + посадочная категории,нет,"Да, с импортом наличия",P2 (гипотеза),На Drom такие позиции есть (выборка 02.10.2026) — появятся на сайте с импортом наличия
NOT-IN-CATALOG,бампер w204 б у,расширение,DATA NOT VERIFIED,DATA NOT VERIFIED,DATA NOT VERIFIED,не собрано,Россия,COMMERCIAL,Mercedes-Benz,,,Бампер,Высокий,/zapchasti/<товар>/ из выгрузки наличия + посадочная категории,нет,"Да, с импортом наличия",P2 (гипотеза),На Drom такие позиции есть (выборка 02.10.2026) — появятся на сайте с импортом наличия
NOT-IN-CATALOG,капот бмв е60 б у,расширение,DATA NOT VERIFIED,DATA NOT VERIFIED,DATA NOT VERIFIED,не собрано,Россия,COMMERCIAL,BMW,,,Капот,Высокий,/zapchasti/<товар>/ из выгрузки наличия + посадочная категории,нет,"Да, с импортом наличия",P2 (гипотеза),На Drom такие позиции есть (выборка 02.10.2026) — появятся на сайте с импортом наличия
MODEL-W211,запчасти w211,маркер,DATA NOT VERIFIED,DATA NOT VERIFIED,DATA NOT VERIFIED,не собрано,Россия,COMMERCIAL; MODEL / GENERATION,Mercedes-Benz,E-Class,W211,Все категории,Высокий,"/zapchasti-mercedes-w211/ (условно), иначе /zapchasti-mercedes-barnaul/",нет,Условно: при спросе и регулярном наличии (≥ 5 позиций или постоянные доноры),P2 (гипотеза),Есть позиции в каталоге
MODEL-W211,разборка w211,расширение,DATA NOT VERIFIED,DATA NOT VERIFIED,DATA NOT VERIFIED,не собрано,Россия,COMMERCIAL; MODEL / GENERATION,Mercedes-Benz,E-Class,W211,Все категории,Высокий,"/zapchasti-mercedes-w211/ (условно), иначе /zapchasti-mercedes-barnaul/",нет,Условно: при спросе и регулярном наличии (≥ 5 позиций или постоянные доноры),P2 (гипотеза),Есть позиции в каталоге
MODEL-W211,запчасти мерседес w211 б у,расширение,DATA NOT VERIFIED,DATA NOT VERIFIED,DATA NOT VERIFIED,не собрано,Россия,COMMERCIAL; MODEL / GENERATION,Mercedes-Benz,E-Class,W211,Все категории,Высокий,"/zapchasti-mercedes-w211/ (условно), иначе /zapchasti-mercedes-barnaul/",нет,Условно: при спросе и регулярном наличии (≥ 5 позиций или постоянные доноры),P2 (гипотеза),Есть позиции в каталоге
MODEL-W204,запчасти w204,маркер,DATA NOT VERIFIED,DATA NOT VERIFIED,DATA NOT VERIFIED,не собрано,Россия,COMMERCIAL; MODEL / GENERATION,Mercedes-Benz,C-Class,W204,Все категории,Высокий,"/zapchasti-mercedes-w204/ (условно), иначе /zapchasti-mercedes-barnaul/",нет,Условно: при спросе и регулярном наличии (≥ 5 позиций или постоянные доноры),P2 (гипотеза),Есть позиции в каталоге
MODEL-W204,разборка w204,расширение,DATA NOT VERIFIED,DATA NOT VERIFIED,DATA NOT VERIFIED,не собрано,Россия,COMMERCIAL; MODEL / GENERATION,Mercedes-Benz,C-Class,W204,Все категории,Высокий,"/zapchasti-mercedes-w204/ (условно), иначе /zapchasti-mercedes-barnaul/",нет,Условно: при спросе и регулярном наличии (≥ 5 позиций или постоянные доноры),P2 (гипотеза),Есть позиции в каталоге
MODEL-W204,запчасти мерседес w204 б у,расширение,DATA NOT VERIFIED,DATA NOT VERIFIED,DATA NOT VERIFIED,не собрано,Россия,COMMERCIAL; MODEL / GENERATION,Mercedes-Benz,C-Class,W204,Все категории,Высокий,"/zapchasti-mercedes-w204/ (условно), иначе /zapchasti-mercedes-barnaul/",нет,Условно: при спросе и регулярном наличии (≥ 5 позиций или постоянные доноры),P2 (гипотеза),Есть позиции в каталоге
MODEL-W212,запчасти w212,маркер,DATA NOT VERIFIED,DATA NOT VERIFIED,DATA NOT VERIFIED,не собрано,Россия,COMMERCIAL; MODEL / GENERATION,Mercedes-Benz,E-Class,W212,Все категории,Высокий,"/zapchasti-mercedes-w212/ (условно), иначе /zapchasti-mercedes-barnaul/",нет,Условно: при спросе и регулярном наличии (≥ 5 позиций или постоянные доноры),P2 (гипотеза),Есть позиции в каталоге
MODEL-W212,разборка w212,расширение,DATA NOT VERIFIED,DATA NOT VERIFIED,DATA NOT VERIFIED,не собрано,Россия,COMMERCIAL; MODEL / GENERATION,Mercedes-Benz,E-Class,W212,Все категории,Высокий,"/zapchasti-mercedes-w212/ (условно), иначе /zapchasti-mercedes-barnaul/",нет,Условно: при спросе и регулярном наличии (≥ 5 позиций или постоянные доноры),P2 (гипотеза),Есть позиции в каталоге
MODEL-W203,запчасти w203,маркер,DATA NOT VERIFIED,DATA NOT VERIFIED,DATA NOT VERIFIED,не собрано,Россия,COMMERCIAL; MODEL / GENERATION,Mercedes-Benz,C-Class,W203,Все категории,Высокий,"/zapchasti-mercedes-w203/ (условно), иначе /zapchasti-mercedes-barnaul/",нет,Условно: при спросе и регулярном наличии (≥ 5 позиций или постоянные доноры),P2 (гипотеза),Есть позиции в каталоге
MODEL-W203,разборка w203,расширение,DATA NOT VERIFIED,DATA NOT VERIFIED,DATA NOT VERIFIED,не собрано,Россия,COMMERCIAL; MODEL / GENERATION,Mercedes-Benz,C-Class,W203,Все категории,Высокий,"/zapchasti-mercedes-w203/ (условно), иначе /zapchasti-mercedes-barnaul/",нет,Условно: при спросе и регулярном наличии (≥ 5 позиций или постоянные доноры),P2 (гипотеза),Есть позиции в каталоге
MODEL-W221,запчасти w221,маркер,DATA NOT VERIFIED,DATA NOT VERIFIED,DATA NOT VERIFIED,не собрано,Россия,COMMERCIAL; MODEL / GENERATION,Mercedes-Benz,S-Class,W221,Все категории,Высокий,"/zapchasti-mercedes-w221/ (условно), иначе /zapchasti-mercedes-barnaul/",нет,Условно: при спросе и регулярном наличии (≥ 5 позиций или постоянные доноры),P2 (гипотеза),Есть позиции в каталоге
MODEL-W221,разборка w221,расширение,DATA NOT VERIFIED,DATA NOT VERIFIED,DATA NOT VERIFIED,не собрано,Россия,COMMERCIAL; MODEL / GENERATION,Mercedes-Benz,S-Class,W221,Все категории,Высокий,"/zapchasti-mercedes-w221/ (условно), иначе /zapchasti-mercedes-barnaul/",нет,Условно: при спросе и регулярном наличии (≥ 5 позиций или постоянные доноры),P2 (гипотеза),Есть позиции в каталоге
MODEL-W163,запчасти w163,маркер,DATA NOT VERIFIED,DATA NOT VERIFIED,DATA NOT VERIFIED,не собрано,Россия,COMMERCIAL; MODEL / GENERATION,Mercedes-Benz,M-Class,W163,Все категории,Высокий,"/zapchasti-mercedes-w163/ (условно), иначе /zapchasti-mercedes-barnaul/",нет,Условно: при спросе и регулярном наличии (≥ 5 позиций или постоянные доноры),P2 (гипотеза),Есть позиции в каталоге
MODEL-W163,разборка w163,расширение,DATA NOT VERIFIED,DATA NOT VERIFIED,DATA NOT VERIFIED,не собрано,Россия,COMMERCIAL; MODEL / GENERATION,Mercedes-Benz,M-Class,W163,Все категории,Высокий,"/zapchasti-mercedes-w163/ (условно), иначе /zapchasti-mercedes-barnaul/",нет,Условно: при спросе и регулярном наличии (≥ 5 позиций или постоянные доноры),P2 (гипотеза),Есть позиции в каталоге
MODEL-W207,запчасти w207,маркер,DATA NOT VERIFIED,DATA NOT VERIFIED,DATA NOT VERIFIED,не собрано,Россия,COMMERCIAL; MODEL / GENERATION,Mercedes-Benz,E-Class Coupe/Cabrio,W207,Все категории,Высокий,"/zapchasti-mercedes-w207/ (условно), иначе /zapchasti-mercedes-barnaul/",нет,Условно: при спросе и регулярном наличии (≥ 5 позиций или постоянные доноры),P2 (гипотеза),Есть позиции в каталоге
MODEL-E60,запчасти бмв е60,маркер,DATA NOT VERIFIED,DATA NOT VERIFIED,DATA NOT VERIFIED,не собрано,Россия,COMMERCIAL; MODEL / GENERATION,BMW,5 Series,E60,Все категории,Высокий,"/zapchasti-bmw-e60/ (условно), иначе /zapchasti-bmw-barnaul/",нет,Условно: при спросе и регулярном наличии (≥ 5 позиций или постоянные доноры),P2 (гипотеза),Есть позиции в каталоге
MODEL-E60,разборка бмв е60,расширение,DATA NOT VERIFIED,DATA NOT VERIFIED,DATA NOT VERIFIED,не собрано,Россия,COMMERCIAL; MODEL / GENERATION,BMW,5 Series,E60,Все категории,Высокий,"/zapchasti-bmw-e60/ (условно), иначе /zapchasti-bmw-barnaul/",нет,Условно: при спросе и регулярном наличии (≥ 5 позиций или постоянные доноры),P2 (гипотеза),Есть позиции в каталоге
MODEL-E60,запчасти bmw e60 б у,расширение,DATA NOT VERIFIED,DATA NOT VERIFIED,DATA NOT VERIFIED,не собрано,Россия,COMMERCIAL; MODEL / GENERATION,BMW,5 Series,E60,Все категории,Высокий,"/zapchasti-bmw-e60/ (условно), иначе /zapchasti-bmw-barnaul/",нет,Условно: при спросе и регулярном наличии (≥ 5 позиций или постоянные доноры),P2 (гипотеза),Есть позиции в каталоге
MODEL-E39,запчасти бмв е39,маркер,DATA NOT VERIFIED,DATA NOT VERIFIED,DATA NOT VERIFIED,не собрано,Россия,COMMERCIAL; MODEL / GENERATION,BMW,5 Series,E39,Все категории,Высокий,"/zapchasti-bmw-e39/ (условно), иначе /zapchasti-bmw-barnaul/",нет,Условно: при спросе и регулярном наличии (≥ 5 позиций или постоянные доноры),P2 (гипотеза),Есть позиции в каталоге
MODEL-E39,разборка бмв е39,расширение,DATA NOT VERIFIED,DATA NOT VERIFIED,DATA NOT VERIFIED,не собрано,Россия,COMMERCIAL; MODEL / GENERATION,BMW,5 Series,E39,Все категории,Высокий,"/zapchasti-bmw-e39/ (условно), иначе /zapchasti-bmw-barnaul/",нет,Условно: при спросе и регулярном наличии (≥ 5 позиций или постоянные доноры),P2 (гипотеза),Есть позиции в каталоге
MODEL-X3,запчасти бмв х3 б у,маркер,DATA NOT VERIFIED,DATA NOT VERIFIED,DATA NOT VERIFIED,не собрано,Россия,COMMERCIAL; MODEL / GENERATION,BMW,X3,E83 (по данным Drom),Все категории,Высокий,"/zapchasti-bmw-x3/ (условно), иначе /zapchasti-bmw-barnaul/",нет,Условно: при спросе и регулярном наличии (≥ 5 позиций или постоянные доноры),P2 (гипотеза),Есть двигатель N52; X3 E83 подтверждается объявлениями Drom
MODEL-W211,разборка w211 барнаул,расширение,DATA NOT VERIFIED,DATA NOT VERIFIED,DATA NOT VERIFIED,не собрано,Барнаул,COMMERCIAL; MODEL / GENERATION; GEO,Mercedes-Benz,E-Class,W211,Все категории,Высокий,"/zapchasti-mercedes-w211/ (условно), иначе /zapchasti-mercedes-barnaul/",нет,Условно,P2 (гипотеза),
MODEL-E60,разборка бмв е60 барнаул,расширение,DATA NOT VERIFIED,DATA NOT VERIFIED,DATA NOT VERIFIED,не собрано,Барнаул,COMMERCIAL; MODEL / GENERATION; GEO,BMW,5 Series,E60,Все категории,Высокий,"/zapchasti-bmw-e60/ (условно), иначе /zapchasti-bmw-barnaul/",нет,Условно,P2 (гипотеза),
AUCTION,авто из японии под заказ,маркер,DATA NOT VERIFIED,DATA NOT VERIFIED,DATA NOT VERIFIED,не собрано,Россия,COMMERCIAL,"Mercedes-Benz, BMW",,,Автомобиль целиком,Высокий,/avtomobili-iz-yaponii-barnaul/,/avtomobili-iz-yaponii-barnaul/ (есть на production),Нет (есть на production; улучшить),P2 (гипотеза),"Очень высокая конкуренция (Владивосток, федеральные компании); оценить экономику"
AUCTION,авто с аукциона японии,маркер,DATA NOT VERIFIED,DATA NOT VERIFIED,DATA NOT VERIFIED,не собрано,Россия,COMMERCIAL,"Mercedes-Benz, BMW",,,Автомобиль целиком,Высокий,/avtomobili-iz-yaponii-barnaul/,/avtomobili-iz-yaponii-barnaul/ (есть на production),Нет (есть на production; улучшить),P2 (гипотеза),
AUCTION,мерседес из японии под заказ,расширение,DATA NOT VERIFIED,DATA NOT VERIFIED,DATA NOT VERIFIED,не собрано,Россия,COMMERCIAL,"Mercedes-Benz, BMW",,,Автомобиль целиком,Высокий,/avtomobili-iz-yaponii-barnaul/,/avtomobili-iz-yaponii-barnaul/ (есть на production),Нет (есть на production; улучшить),P2 (гипотеза),Профильная ниша бизнеса — приоритетнее общего кластера
AUCTION,бмв из японии под заказ,расширение,DATA NOT VERIFIED,DATA NOT VERIFIED,DATA NOT VERIFIED,не собрано,Россия,COMMERCIAL,"Mercedes-Benz, BMW",,,Автомобиль целиком,Высокий,/avtomobili-iz-yaponii-barnaul/,/avtomobili-iz-yaponii-barnaul/ (есть на production),Нет (есть на production; улучшить),P2 (гипотеза),
AUCTION,авто из японии барнаул,расширение,DATA NOT VERIFIED,DATA NOT VERIFIED,DATA NOT VERIFIED,не собрано,Барнаул,COMMERCIAL; GEO,"Mercedes-Benz, BMW",,,Автомобиль целиком,Высокий,/avtomobili-iz-yaponii-barnaul/,/avtomobili-iz-yaponii-barnaul/ (есть на production),Нет (есть на production; улучшить),P2 (гипотеза),
AUCTION,авто из японии под заказ барнаул,расширение,DATA NOT VERIFIED,DATA NOT VERIFIED,DATA NOT VERIFIED,не собрано,Барнаул,COMMERCIAL; GEO,"Mercedes-Benz, BMW",,,Автомобиль целиком,Высокий,/avtomobili-iz-yaponii-barnaul/,/avtomobili-iz-yaponii-barnaul/ (есть на production),Нет (есть на production; улучшить),P2 (гипотеза),
AUCTION,пригон авто из японии барнаул,расширение,DATA NOT VERIFIED,DATA NOT VERIFIED,DATA NOT VERIFIED,не собрано,Барнаул,COMMERCIAL; GEO,"Mercedes-Benz, BMW",,,Автомобиль целиком,Высокий,/avtomobili-iz-yaponii-barnaul/,/avtomobili-iz-yaponii-barnaul/ (есть на production),Нет (есть на production; улучшить),P2 (гипотеза),
AUCTION,японские аукционы авто купить,расширение,DATA NOT VERIFIED,DATA NOT VERIFIED,DATA NOT VERIFIED,не собрано,Россия,TRANSACTIONAL,"Mercedes-Benz, BMW",,,Автомобиль целиком,Высокий,/avtomobili-iz-yaponii-barnaul/,/avtomobili-iz-yaponii-barnaul/ (есть на production),Нет (есть на production; улучшить),P3 (гипотеза),
AUCTION,мерседес с аукциона японии,расширение,DATA NOT VERIFIED,DATA NOT VERIFIED,DATA NOT VERIFIED,не собрано,Россия,COMMERCIAL,"Mercedes-Benz, BMW",,,Автомобиль целиком,Высокий,/avtomobili-iz-yaponii-barnaul/,/avtomobili-iz-yaponii-barnaul/ (есть на production),Нет (есть на production; улучшить),P2 (гипотеза),
AUCTION,сколько стоит привезти авто из японии,расширение,DATA NOT VERIFIED,DATA NOT VERIFIED,DATA NOT VERIFIED,не собрано,Россия,INFORMATIONAL,"Mercedes-Benz, BMW",,,Автомобиль целиком,Низкий,/avtomobili-iz-yaponii-barnaul/,/avtomobili-iz-yaponii-barnaul/ (есть на production),Нет (есть на production; улучшить),P3 (гипотеза),Только при реальных расчётах владельца; не публиковать выдуманные цены
B2B,машинокомплект из японии,маркер,DATA NOT VERIFIED,DATA NOT VERIFIED,DATA NOT VERIFIED,не собрано,Россия,COMMERCIAL,"Mercedes-Benz, BMW",,,Машинокомплект / распил,Высокий,/postavki-dlya-avtorazborov-barnaul/,/postavki-dlya-avtorazborov-barnaul/ (есть на production),Нет (есть на production; улучшить),P2 (гипотеза),B2B; высокий чек
B2B,машинокомплекты для авторазборов,расширение,DATA NOT VERIFIED,DATA NOT VERIFIED,DATA NOT VERIFIED,не собрано,Россия,COMMERCIAL,"Mercedes-Benz, BMW",,,Машинокомплект / распил,Высокий,/postavki-dlya-avtorazborov-barnaul/,/postavki-dlya-avtorazborov-barnaul/ (есть на production),Нет (есть на production; улучшить),P2 (гипотеза),
B2B,распил из японии,маркер,DATA NOT VERIFIED,DATA NOT VERIFIED,DATA NOT VERIFIED,не собрано,Россия,COMMERCIAL,"Mercedes-Benz, BMW",,,Машинокомплект / распил,Высокий,/postavki-dlya-avtorazborov-barnaul/,/postavki-dlya-avtorazborov-barnaul/ (есть на production),Нет (есть на production; улучшить),P2 (гипотеза),Широкий: японские марки доминируют
B2B,распил мерседес из японии,расширение,DATA NOT VERIFIED,DATA NOT VERIFIED,DATA NOT VERIFIED,не собрано,Россия,COMMERCIAL,Mercedes-Benz,,,Машинокомплект / распил,Высокий,/postavki-dlya-avtorazborov-barnaul/,/postavki-dlya-avtorazborov-barnaul/ (есть на production),Нет (есть на production; улучшить),P1 (гипотеза),Профиль бизнеса
B2B,распил бмв из японии,расширение,DATA NOT VERIFIED,DATA NOT VERIFIED,DATA NOT VERIFIED,не собрано,Россия,COMMERCIAL,BMW,,,Машинокомплект / распил,Высокий,/postavki-dlya-avtorazborov-barnaul/,/postavki-dlya-avtorazborov-barnaul/ (есть на production),Нет (есть на production; улучшить),P1 (гипотеза),Профиль бизнеса
B2B,конструктор из японии мерседес,расширение,DATA NOT VERIFIED,DATA NOT VERIFIED,DATA NOT VERIFIED,не собрано,Россия,COMMERCIAL,Mercedes-Benz,,,Машинокомплект / распил,Высокий,/postavki-dlya-avtorazborov-barnaul/,/postavki-dlya-avtorazborov-barnaul/ (есть на production),Нет (есть на production; улучшить),P2 (гипотеза),
B2B,распилы оптом для разборок,расширение,DATA NOT VERIFIED,DATA NOT VERIFIED,DATA NOT VERIFIED,не собрано,Россия,COMMERCIAL,"Mercedes-Benz, BMW",,,Машинокомплект / распил,Высокий,/postavki-dlya-avtorazborov-barnaul/,/postavki-dlya-avtorazborov-barnaul/ (есть на production),Нет (есть на production; улучшить),P2 (гипотеза),
B2B,поставка запчастей для авторазборов,расширение,DATA NOT VERIFIED,DATA NOT VERIFIED,DATA NOT VERIFIED,не собрано,Россия,COMMERCIAL,"Mercedes-Benz, BMW",,,Машинокомплект / распил,Высокий,/postavki-dlya-avtorazborov-barnaul/,/postavki-dlya-avtorazborov-barnaul/ (есть на production),Нет (есть на production; улучшить),P2 (гипотеза),
B2B,контейнер запчастей из японии,расширение,DATA NOT VERIFIED,DATA NOT VERIFIED,DATA NOT VERIFIED,не собрано,Россия,COMMERCIAL,"Mercedes-Benz, BMW",,,Машинокомплект / распил,Высокий,/postavki-dlya-avtorazborov-barnaul/,/postavki-dlya-avtorazborov-barnaul/ (есть на production),Нет (есть на production; улучшить),P2 (гипотеза),
B2B,авто на запчасти из японии оптом,расширение,DATA NOT VERIFIED,DATA NOT VERIFIED,DATA NOT VERIFIED,не собрано,Россия,COMMERCIAL,"Mercedes-Benz, BMW",,,Машинокомплект / распил,Высокий,/postavki-dlya-avtorazborov-barnaul/,/postavki-dlya-avtorazborov-barnaul/ (есть на production),Нет (есть на production; улучшить),P2 (гипотеза),
B2B,карпил из японии,расширение,DATA NOT VERIFIED,DATA NOT VERIFIED,DATA NOT VERIFIED,не собрано,Россия,COMMERCIAL,"Mercedes-Benz, BMW",,,Машинокомплект / распил,Высокий,/postavki-dlya-avtorazborov-barnaul/,/postavki-dlya-avtorazborov-barnaul/ (есть на production),Нет (есть на production; улучшить),P3 (гипотеза),Синоним «распил»
VIN,подбор запчастей по vin мерседес,расширение,DATA NOT VERIFIED,DATA NOT VERIFIED,DATA NOT VERIFIED,не собрано,Россия,TRANSACTIONAL,Mercedes-Benz,,,Подбор / доверие,Высокий,/ + блок «Подбор по VIN» (или /podbor-po-vin/),/ (главная),Условно (блок на главной обязателен),P1 (гипотеза),Сильный коммерческий интент; форма VIN (H-14)
VIN,подбор запчастей по vin бмв,расширение,DATA NOT VERIFIED,DATA NOT VERIFIED,DATA NOT VERIFIED,не собрано,Россия,TRANSACTIONAL,BMW,,,Подбор / доверие,Высокий,/ + блок «Подбор по VIN» (или /podbor-po-vin/),/ (главная),Условно,P1 (гипотеза),
INFO-VIN,расшифровка vin мерседес,расширение,DATA NOT VERIFIED,DATA NOT VERIFIED,DATA NOT VERIFIED,не собрано,Россия,INFORMATIONAL,Mercedes-Benz,,,Подбор / доверие,Низкий,/stati/<slug>/,нет,Условно,P3 (гипотеза),"Высокая конкуренция сервисов-декодеров, низкая конверсия"
INFO-VIN,как узнать номер запчасти мерседес по vin,расширение,DATA NOT VERIFIED,DATA NOT VERIFIED,DATA NOT VERIFIED,не собрано,Россия,INFORMATIONAL,Mercedes-Benz,,,Подбор / доверие,Низкий,/stati/<slug>/,нет,Условно,P3 (гипотеза),Мост к форме VIN
INFO-TRUST,чем контрактные запчасти отличаются от б у,расширение,DATA NOT VERIFIED,DATA NOT VERIFIED,DATA NOT VERIFIED,не собрано,Россия,INFORMATIONAL,"Mercedes-Benz, BMW",,,Подбор / доверие,Низкий,/stati/<slug>/,нет,Условно,P3 (гипотеза),Объяснение терминов; мост к каталогу
TRUST,запчасти с японских авто отзывы,расширение,DATA NOT VERIFIED,DATA NOT VERIFIED,DATA NOT VERIFIED,не собрано,Россия,COMMERCIAL,"Mercedes-Benz, BMW",,,Подбор / доверие,Высокий,/ (блок отзывов),/ (главная),Нет,P3 (гипотеза),Только реальные отзывы
TRUST,б у запчасти с гарантией,расширение,DATA NOT VERIFIED,DATA NOT VERIFIED,DATA NOT VERIFIED,не собрано,Россия,COMMERCIAL,"Mercedes-Benz, BMW",,,Подбор / доверие,Высокий,/garantiya-i-vozvrat/,/ (главная),Да — только если гарантия реально есть,P2 (гипотеза),Условия гарантии неизвестны (Q2) — не обещать
DELIVERY,запчасти мерседес с доставкой по россии,расширение,DATA NOT VERIFIED,DATA NOT VERIFIED,DATA NOT VERIFIED,не собрано,Россия,COMMERCIAL,Mercedes-Benz,,,Подбор / доверие,Высокий,/zapchasti-mercedes-barnaul/ + /dostavka-i-oplata/,/zapchasti-mercedes-barnaul/ (есть на production),Нет (есть на production; улучшить),P2 (гипотеза),Транспортные компании и сроки — у владельца
DELIVERY,б у запчасти бмв с доставкой,расширение,DATA NOT VERIFIED,DATA NOT VERIFIED,DATA NOT VERIFIED,не собрано,Россия,COMMERCIAL,BMW,,,Подбор / доверие,Высокий,/zapchasti-bmw-barnaul/ + /dostavka-i-oplata/,/zapchasti-bmw-barnaul/ (есть на production),Нет (есть на production; улучшить),P2 (гипотеза),
GEO-RESEARCH,разборка мерседес алтайский край,гео-исследование,DATA NOT VERIFIED,DATA NOT VERIFIED,DATA NOT VERIFIED,не собрано,Алтайский край,COMMERCIAL; GEO,Mercedes-Benz,,,Все категории,Высокий,/zapchasti-mercedes-barnaul/,/zapchasti-mercedes-barnaul/ (есть на production),Нет (есть на production; улучшить),P2 (гипотеза),Барнаул — столица Алтайского края; запрос обслуживает основная страница
GEO-RESEARCH,разборка бмв алтайский край,гео-исследование,DATA NOT VERIFIED,DATA NOT VERIFIED,DATA NOT VERIFIED,не собрано,Алтайский край,COMMERCIAL; GEO,BMW,,,Все категории,Высокий,/zapchasti-bmw-barnaul/,/zapchasti-bmw-barnaul/ (есть на production),Нет (есть на production; улучшить),P2 (гипотеза),Барнаул — столица Алтайского края; запрос обслуживает основная страница
GEO-RESEARCH,контрактный двигатель мерседес алтайский край,гео-исследование,DATA NOT VERIFIED,DATA NOT VERIFIED,DATA NOT VERIFIED,не собрано,Алтайский край,COMMERCIAL; GEO,Mercedes-Benz,,,Все категории,Высокий,/dvigateli-akpp-mercedes-bmw-barnaul/,/dvigateli-akpp-mercedes-bmw-barnaul/ (есть на production),Нет (есть на production; улучшить),P2 (гипотеза),Барнаул — столица Алтайского края; запрос обслуживает основная страница
GEO-RESEARCH,запчасти мерседес б у алтайский край,гео-исследование,DATA NOT VERIFIED,DATA NOT VERIFIED,DATA NOT VERIFIED,не собрано,Алтайский край,COMMERCIAL; GEO,Mercedes-Benz,,,Все категории,Высокий,/zapchasti-mercedes-barnaul/,/zapchasti-mercedes-barnaul/ (есть на production),Нет (есть на production; улучшить),P2 (гипотеза),Барнаул — столица Алтайского края; запрос обслуживает основная страница
GEO-RESEARCH,разборка мерседес кемерово,гео-исследование,DATA NOT VERIFIED,DATA NOT VERIFIED,DATA NOT VERIFIED,не собрано,Кемерово,COMMERCIAL; GEO,Mercedes-Benz,,,Все категории,Высокий,"/dostavka-i-oplata/ (упоминание города, если доставка регулярная)",нет,Нет: точек вне Барнаула нет (подтверждено владельцем),Исследование,Только оценка спроса на доставку; отдельная гео-страница не создаётся
GEO-RESEARCH,разборка бмв кемерово,гео-исследование,DATA NOT VERIFIED,DATA NOT VERIFIED,DATA NOT VERIFIED,не собрано,Кемерово,COMMERCIAL; GEO,BMW,,,Все категории,Высокий,"/dostavka-i-oplata/ (упоминание города, если доставка регулярная)",нет,Нет: точек вне Барнаула нет (подтверждено владельцем),Исследование,Только оценка спроса на доставку; отдельная гео-страница не создаётся
GEO-RESEARCH,контрактный двигатель мерседес кемерово,гео-исследование,DATA NOT VERIFIED,DATA NOT VERIFIED,DATA NOT VERIFIED,не собрано,Кемерово,COMMERCIAL; GEO,Mercedes-Benz,,,Все категории,Высокий,"/dostavka-i-oplata/ (упоминание города, если доставка регулярная)",нет,Нет: точек вне Барнаула нет (подтверждено владельцем),Исследование,Только оценка спроса на доставку; отдельная гео-страница не создаётся
GEO-RESEARCH,запчасти мерседес б у кемерово,гео-исследование,DATA NOT VERIFIED,DATA NOT VERIFIED,DATA NOT VERIFIED,не собрано,Кемерово,COMMERCIAL; GEO,Mercedes-Benz,,,Все категории,Высокий,"/dostavka-i-oplata/ (упоминание города, если доставка регулярная)",нет,Нет: точек вне Барнаула нет (подтверждено владельцем),Исследование,Только оценка спроса на доставку; отдельная гео-страница не создаётся
GEO-RESEARCH,разборка мерседес новокузнецк,гео-исследование,DATA NOT VERIFIED,DATA NOT VERIFIED,DATA NOT VERIFIED,не собрано,Новокузнецк,COMMERCIAL; GEO,Mercedes-Benz,,,Все категории,Высокий,"/dostavka-i-oplata/ (упоминание города, если доставка регулярная)",нет,Нет: точек вне Барнаула нет (подтверждено владельцем),Исследование,Только оценка спроса на доставку; отдельная гео-страница не создаётся
GEO-RESEARCH,разборка бмв новокузнецк,гео-исследование,DATA NOT VERIFIED,DATA NOT VERIFIED,DATA NOT VERIFIED,не собрано,Новокузнецк,COMMERCIAL; GEO,BMW,,,Все категории,Высокий,"/dostavka-i-oplata/ (упоминание города, если доставка регулярная)",нет,Нет: точек вне Барнаула нет (подтверждено владельцем),Исследование,Только оценка спроса на доставку; отдельная гео-страница не создаётся
GEO-RESEARCH,контрактный двигатель мерседес новокузнецк,гео-исследование,DATA NOT VERIFIED,DATA NOT VERIFIED,DATA NOT VERIFIED,не собрано,Новокузнецк,COMMERCIAL; GEO,Mercedes-Benz,,,Все категории,Высокий,"/dostavka-i-oplata/ (упоминание города, если доставка регулярная)",нет,Нет: точек вне Барнаула нет (подтверждено владельцем),Исследование,Только оценка спроса на доставку; отдельная гео-страница не создаётся
GEO-RESEARCH,запчасти мерседес б у новокузнецк,гео-исследование,DATA NOT VERIFIED,DATA NOT VERIFIED,DATA NOT VERIFIED,не собрано,Новокузнецк,COMMERCIAL; GEO,Mercedes-Benz,,,Все категории,Высокий,"/dostavka-i-oplata/ (упоминание города, если доставка регулярная)",нет,Нет: точек вне Барнаула нет (подтверждено владельцем),Исследование,Только оценка спроса на доставку; отдельная гео-страница не создаётся
GEO-RESEARCH,разборка мерседес кузбасс,гео-исследование,DATA NOT VERIFIED,DATA NOT VERIFIED,DATA NOT VERIFIED,не собрано,Кузбасс,COMMERCIAL; GEO,Mercedes-Benz,,,Все категории,Высокий,"/dostavka-i-oplata/ (упоминание города, если доставка регулярная)",нет,Нет: точек вне Барнаула нет (подтверждено владельцем),Исследование,Только оценка спроса на доставку; отдельная гео-страница не создаётся
GEO-RESEARCH,разборка бмв кузбасс,гео-исследование,DATA NOT VERIFIED,DATA NOT VERIFIED,DATA NOT VERIFIED,не собрано,Кузбасс,COMMERCIAL; GEO,BMW,,,Все категории,Высокий,"/dostavka-i-oplata/ (упоминание города, если доставка регулярная)",нет,Нет: точек вне Барнаула нет (подтверждено владельцем),Исследование,Только оценка спроса на доставку; отдельная гео-страница не создаётся
GEO-RESEARCH,контрактный двигатель мерседес кузбасс,гео-исследование,DATA NOT VERIFIED,DATA NOT VERIFIED,DATA NOT VERIFIED,не собрано,Кузбасс,COMMERCIAL; GEO,Mercedes-Benz,,,Все категории,Высокий,"/dostavka-i-oplata/ (упоминание города, если доставка регулярная)",нет,Нет: точек вне Барнаула нет (подтверждено владельцем),Исследование,Только оценка спроса на доставку; отдельная гео-страница не создаётся
GEO-RESEARCH,запчасти мерседес б у кузбасс,гео-исследование,DATA NOT VERIFIED,DATA NOT VERIFIED,DATA NOT VERIFIED,не собрано,Кузбасс,COMMERCIAL; GEO,Mercedes-Benz,,,Все категории,Высокий,"/dostavka-i-oplata/ (упоминание города, если доставка регулярная)",нет,Нет: точек вне Барнаула нет (подтверждено владельцем),Исследование,Только оценка спроса на доставку; отдельная гео-страница не создаётся
GEO-RESEARCH,разборка мерседес новосибирск,гео-исследование,DATA NOT VERIFIED,DATA NOT VERIFIED,DATA NOT VERIFIED,не собрано,Новосибирск,COMMERCIAL; GEO,Mercedes-Benz,,,Все категории,Высокий,"/dostavka-i-oplata/ (упоминание города, если доставка регулярная)",нет,Нет: точек вне Барнаула нет (подтверждено владельцем),Исследование,Только оценка спроса на доставку; отдельная гео-страница не создаётся
GEO-RESEARCH,разборка бмв новосибирск,гео-исследование,DATA NOT VERIFIED,DATA NOT VERIFIED,DATA NOT VERIFIED,не собрано,Новосибирск,COMMERCIAL; GEO,BMW,,,Все категории,Высокий,"/dostavka-i-oplata/ (упоминание города, если доставка регулярная)",нет,Нет: точек вне Барнаула нет (подтверждено владельцем),Исследование,Только оценка спроса на доставку; отдельная гео-страница не создаётся
GEO-RESEARCH,контрактный двигатель мерседес новосибирск,гео-исследование,DATA NOT VERIFIED,DATA NOT VERIFIED,DATA NOT VERIFIED,не собрано,Новосибирск,COMMERCIAL; GEO,Mercedes-Benz,,,Все категории,Высокий,"/dostavka-i-oplata/ (упоминание города, если доставка регулярная)",нет,Нет: точек вне Барнаула нет (подтверждено владельцем),Исследование,Только оценка спроса на доставку; отдельная гео-страница не создаётся
GEO-RESEARCH,запчасти мерседес б у новосибирск,гео-исследование,DATA NOT VERIFIED,DATA NOT VERIFIED,DATA NOT VERIFIED,не собрано,Новосибирск,COMMERCIAL; GEO,Mercedes-Benz,,,Все категории,Высокий,"/dostavka-i-oplata/ (упоминание города, если доставка регулярная)",нет,Нет: точек вне Барнаула нет (подтверждено владельцем),Исследование,Только оценка спроса на доставку; отдельная гео-страница не создаётся
PART-NUMBER,[OEM-номер реальной позиции],шаблон,DATA NOT VERIFIED,DATA NOT VERIFIED,DATA NOT VERIFIED,не собрано,Россия,PART NUMBER / EXACT PRODUCT,"Mercedes-Benz, BMW",,,Любая,Высокий,/zapchasti/<товар>/,нет,Да (поле OEM в карточке),P1 (после появления данных),OEM-номера есть в 59% заголовков объявлений Drom (выборка 250) — главный источник длинного хвоста после импорта
